Country Name,Country Code,Series Name,Series Code,2000 [YR2000],2001 [YR2001],2002 [YR2002],2003 [YR2003],2004 [YR2004],2005 [YR2005],2006 [YR2006],2007 [YR2007],2008 [YR2008],2009 [YR2009],2010 [YR2010],2011 [YR2011],2012 [YR2012],2013 [YR2013],2014 [YR2014],2015 [YR2015],2016 [YR2016],2017 [YR2017],2018 [YR2018],2019 [YR2019]
Afghanistan,AFG,"Life expectancy at birth, total (years)",SP.DYN.LE00.IN,55.84,56.31,56.78,57.27,57.77,58.29,58.83,59.38,59.93,60.48,61.03,61.55,62.05,62.53,62.97,63.38,63.76,64.13,64.49,64.83
Albania,ALB,"Life expectancy at birth, total (years)",SP.DYN.LE00.IN,73.96,74.29,74.58,74.83,75.04,75.23,75.42,75.65,75.91,76.22,76.56,76.91,77.25,77.55,77.81,78.03,78.19,78.33,78.46,78.57
Algeria,DZA,"Life expectancy at birth, total (years)",SP.DYN.LE00.IN,70.64,71.12,71.61,72.1,72.59,73.07,73.52,73.94,74.31,74.64,74.94,75.2,75.44,75.66,75.88,76.09,76.3,76.5,76.69,76.88
Angola,AGO,"Life expectancy at birth, total (years)",SP.DYN.LE00.IN,46.52,47.06,47.7,48.44,49.26,50.17,51.14,52.18,53.24,54.31,55.35,56.33,57.24,58.05,58.78,59.4,59.93,60.38,60.78,61.15
Antigua and Barbuda,ATG,"Life expectancy at birth, total (years)",SP.DYN.LE00.IN,73.94,74.17,74.4,74.61,74.82,75.02,75.2,75.38,75.54,75.68,75.82,75.96,76.09,76.22,76.35,76.48,76.62,76.75,76.89,77.02
Argentina,ARG,"Life expectancy at birth, total (years)",SP.DYN.LE00.IN,73.58,73.76,73.93,74.11,74.28,74.45,74.62,74.79,74.95,75.12,75.28,75.44,75.6,75.76,75.91,76.07,76.22,76.37,76.52,76.67
Armenia,ARM,"Life expectancy at birth, total (years)",SP.DYN.LE00.IN,71.41,71.8,72.11,72.35,72.51,72.63,72.72,72.82,72.95,73.12,73.33,73.57,73.82,74.06,74.27,74.47,74.64,74.8,74.95,75.09
Aruba,ABW,"Life expectancy at birth, total (years)",SP.DYN.LE00.IN,73.79,73.85,73.94,74.04,74.16,74.29,74.43,74.58,74.73,74.87,75.02,75.16,75.3,75.44,75.58,75.73,75.87,76.01,76.15,76.29
Australia,AUS,"Life expectancy at birth, total (years)",SP.DYN.LE00.IN,79.23,79.63,79.94,80.24,80.49,80.84,81.04,81.29,81.4,81.54,81.7,81.9,82.05,82.15,82.3,82.4,82.45,82.5,82.75,82.9
Austria,AUT,"Life expectancy at birth, total (years)",SP.DYN.LE00.IN,78.13,78.58,78.68,78.63,79.18,79.33,79.88,80.18,80.43,80.33,80.58,80.98,80.94,81.14,81.49,81.19,81.64,81.64,81.69,81.9
Azerbaijan,AZE,"Life expectancy at birth, total (years)",SP.DYN.LE00.IN,66.76,67.05,67.39,67.79,68.25,68.75,69.26,69.75,70.2,70.6,70.94,71.23,71.51,71.77,72.02,72.27,72.49,72.69,72.86,73.01
Bahamas,BHS,"Life expectancy at birth, total (years)",SP.DYN.LE00.IN,71.91,71.95,71.98,71.99,71.99,71.99,71.99,72,72.02,72.07,72.14,72.26,72.42,72.62,72.85,73.09,73.33,73.55,73.75,73.92
Bahrain,BHR,"Life expectancy at birth, total (years)",SP.DYN.LE00.IN,74.44,74.64,74.82,75,75.17,75.33,75.48,75.63,75.77,75.91,76.06,76.2,76.34,76.48,76.62,76.76,76.9,77.03,77.16,77.29
Bangladesh,BGD,"Life expectancy at birth, total (years)",SP.DYN.LE00.IN,65.45,65.96,66.43,66.89,67.33,67.77,68.21,68.65,69.07,69.49,69.88,70.26,70.61,70.93,71.23,71.51,71.79,72.05,72.32,72.59
Barbados,BRB,"Life expectancy at birth, total (years)",SP.DYN.LE00.IN,77.16,77.36,77.53,77.68,77.81,77.92,78.01,78.1,78.18,78.27,78.36,78.46,78.55,78.63,78.72,78.8,78.89,78.98,79.08,79.19
Belarus,BLR,"Life expectancy at birth, total (years)",SP.DYN.LE00.IN,68.91,68.51,68.06,68.55,68.96,68.85,69.4,70.21,70.46,70.41,70.4,70.55,71.97,72.47,72.97,73.62,73.83,74.13,74.18,74.23
Belgium,BEL,"Life expectancy at birth, total (years)",SP.DYN.LE00.IN,77.72,77.97,78.08,78.13,78.88,78.98,79.38,79.78,79.68,80.03,80.18,80.59,80.39,80.59,81.29,80.99,81.44,81.49,81.6,82
Belize,BLZ,"Life expectancy at birth, total (years)",SP.DYN.LE00.IN,68.85,69.04,69.27,69.51,69.75,70,70.29,70.64,71.06,71.54,72.06,72.57,73.04,73.45,73.78,74.03,74.22,74.37,74.5,74.62
Benin,BEN,"Life expectancy at birth, total (years)",SP.DYN.LE00.IN,55.39,55.67,56.03,56.44,56.89,57.36,57.82,58.26,58.65,59.01,59.32,59.59,59.84,60.09,60.35,60.61,60.89,61.17,61.47,61.77
Bhutan,BTN,"Life expectancy at birth, total (years)",SP.DYN.LE00.IN,60.88,61.81,62.73,63.62,64.48,65.29,66.03,66.71,67.33,67.88,68.38,68.84,69.26,69.66,70.05,70.42,70.78,71.13,71.46,71.78
Bolivia,BOL,"Life expectancy at birth, total (years)",SP.DYN.LE00.IN,62.45,63.05,63.64,64.21,64.77,65.31,65.85,66.4,66.94,67.48,68.01,68.52,69.01,69.47,69.89,70.28,70.63,70.95,71.24,71.51
Bosnia and Herzegovina,BIH,"Life expectancy at birth, total (years)",SP.DYN.LE00.IN,74.4,74.64,74.8,74.94,75.07,75.2,75.34,75.5,75.67,75.84,76.03,76.22,76.4,76.57,76.72,76.87,77,77.13,77.26,77.4
Botswana,BWA,"Life expectancy at birth, total (years)",SP.DYN.LE00.IN,50.63,50.28,50.23,50.52,51.15,52.13,53.44,54.98,56.68,58.45,60.21,61.91,63.51,64.98,66.27,67.34,68.18,68.81,69.28,69.59
Brazil,BRA,"Life expectancy at birth, total (years)",SP.DYN.LE00.IN,70.12,70.46,70.81,71.17,71.53,71.9,72.26,72.62,72.97,73.3,73.62,73.92,74.21,74.48,74.75,74.99,75.23,75.46,75.67,75.88
Brunei Darussalam,BRN,"Life expectancy at birth, total (years)",SP.DYN.LE00.IN,72.81,73.08,73.33,73.58,73.8,74.01,74.19,74.35,74.49,74.62,74.74,74.85,74.96,75.08,75.19,75.32,75.45,75.59,75.72,75.86
Bulgaria,BGR,"Life expectancy at birth, total (years)",SP.DYN.LE00.IN,71.66,71.77,71.87,72.07,72.56,72.56,72.61,72.66,72.96,73.41,73.51,74.16,74.31,74.86,74.47,74.61,74.81,74.81,74.96,75.11
Burkina Faso,BFA,"Life expectancy at birth, total (years)",SP.DYN.LE00.IN,50.49,50.89,51.38,51.96,52.6,53.31,54.06,54.84,55.62,56.38,57.1,57.76,58.37,58.94,59.45,59.92,60.35,60.77,61.17,61.58
Burundi,BDI,"Life expectancy at birth, total (years)",SP.DYN.LE00.IN,49.09,49.93,50.81,51.69,52.55,53.37,54.16,54.94,55.72,56.49,57.23,57.93,58.57,59.15,59.67,60.12,60.53,60.9,61.25,61.58
Cabo Verde,CPV,"Life expectancy at birth, total (years)",SP.DYN.LE00.IN,68.58,69.1,69.56,69.93,70.22,70.42,70.57,70.68,70.79,70.91,71.06,71.24,71.45,71.66,71.89,72.12,72.35,72.57,72.78,72.98
Cambodia,KHM,"Life expectancy at birth, total (years)",SP.DYN.LE00.IN,58.43,59.34,60.28,61.24,62.19,63.09,63.93,64.7,65.39,66.01,66.56,67.04,67.48,67.89,68.27,68.64,68.98,69.29,69.57,69.82
Cameroon,CMR,"Life expectancy at birth, total (years)",SP.DYN.LE00.IN,50.99,51.22,51.54,51.91,52.32,52.76,53.22,53.68,54.15,54.63,55.1,55.58,56.07,56.58,57.08,57.58,58.06,58.51,58.92,59.29
Canada,CAN,"Life expectancy at birth, total (years)",SP.DYN.LE00.IN,79.14,79.34,79.49,79.74,79.89,80.19,80.34,80.54,80.7,81,81.25,81.45,81.65,81.75,81.8,81.9,81.9,81.9,82.05,82.05
Central African Republic,CAF,"Life expectancy at birth, total (years)",SP.DYN.LE00.IN,44.19,44.06,44.06,44.18,44.41,44.74,45.16,45.64,46.16,46.72,47.31,47.95,48.64,49.37,50.13,50.88,51.59,52.24,52.81,53.28
Chad,TCD,"Life expectancy at birth, total (years)",SP.DYN.LE00.IN,47.71,47.79,47.9,48.06,48.27,48.55,48.91,49.34,49.82,50.35,50.89,51.42,51.93,52.39,52.79,53.14,53.44,53.71,53.98,54.24
Channel Islands,CHI,"Life expectancy at birth, total (years)",SP.DYN.LE00.IN,79.04,79.3,79.55,79.8,80.05,80.3,80.55,80.8,81.04,81.27,81.48,81.69,81.88,82.07,82.25,82.43,82.6,82.77,82.93,83.09
Chile,CHL,"Life expectancy at birth, total (years)",SP.DYN.LE00.IN,76.37,76.63,76.89,77.15,77.39,77.63,77.87,78.1,78.33,78.56,78.78,78.99,79.18,79.35,79.5,79.65,79.78,79.91,80.04,80.18
China,CHN,"Life expectancy at birth, total (years)",SP.DYN.LE00.IN,71.4,71.73,72.06,72.38,72.69,72.99,73.27,73.55,73.84,74.12,74.41,74.71,75.01,75.32,75.63,75.93,76.21,76.47,76.7,76.91
Colombia,COL,"Life expectancy at birth, total (years)",SP.DYN.LE00.IN,72.95,73.24,73.52,73.78,74.03,74.27,74.5,74.73,74.96,75.19,75.42,75.66,75.88,76.11,76.32,76.53,76.73,76.93,77.11,77.29
Comoros,COM,"Life expectancy at birth, total (years)",SP.DYN.LE00.IN,59.46,59.53,59.62,59.74,59.9,60.13,60.41,60.73,61.09,61.48,61.86,62.24,62.6,62.92,63.21,63.47,63.7,63.91,64.12,64.32
Democratic Republic of the Congo,COD,"Life expectancy at birth, total (years)",SP.DYN.LE00.IN,50.04,50.67,51.39,52.14,52.92,53.68,54.4,55.09,55.74,56.35,56.91,57.43,57.91,58.38,58.83,59.25,59.66,60.03,60.37,60.68
Congo,COG,"Life expectancy at birth, total (years)",SP.DYN.LE00.IN,52.12,52.52,53.09,53.82,54.67,55.6,56.57,57.54,58.47,59.32,60.09,60.79,61.42,62.02,62.58,63.1,63.56,63.95,64.29,64.57
Costa Rica,CRI,"Life expectancy at birth, total (years)",SP.DYN.LE00.IN,77.45,77.6,77.74,77.87,78,78.12,78.24,78.36,78.49,78.63,78.77,78.92,79.07,79.23,79.4,79.57,79.74,79.91,80.1,80.28
Côte d'Ivoire,CIV,"Life expectancy at birth, total (years)",SP.DYN.LE00.IN,49.64,49.5,49.48,49.57,49.79,50.12,50.56,51.09,51.68,52.31,52.96,53.62,54.27,54.91,55.51,56.07,56.57,57.02,57.42,57.78
Croatia,HRV,"Life expectancy at birth, total (years)",SP.DYN.LE00.IN,72.81,74.51,74.72,74.61,75.52,75.24,75.84,75.71,75.91,76.17,76.48,76.78,76.92,77.13,77.48,77.28,78.02,77.83,78.07,78.42
Cuba,CUB,"Life expectancy at birth, total (years)",SP.DYN.LE00.IN,76.7,76.91,77.11,77.3,77.5,77.69,77.86,78.02,78.15,78.26,78.34,78.4,78.45,78.49,78.52,78.56,78.61,78.66,78.73,78.8
Cyprus,CYP,"Life expectancy at birth, total (years)",SP.DYN.LE00.IN,78.01,78.14,78.26,78.39,78.51,78.63,78.76,78.91,79.07,79.25,79.43,79.62,79.81,80,80.18,80.35,80.51,80.67,80.83,80.98
Czechia,CZE,"Life expectancy at birth, total (years)",SP.DYN.LE00.IN,74.97,75.17,75.22,75.17,75.72,75.92,76.52,76.72,76.98,77.08,77.42,77.87,78.08,78.18,78.82,78.58,79.03,78.98,79.03,79.23
Denmark,DNK,"Life expectancy at birth, total (years)",SP.DYN.LE00.IN,76.59,76.79,76.9,77.14,77.49,77.84,78.1,78.2,78.45,78.6,79.1,79.8,80.05,80.3,80.7,80.7,80.85,81.1,80.95,81.45
Djibouti,DJI,"Life expectancy at birth, total (years)",SP.DYN.LE00.IN,57.02,57.1,57.24,57.43,57.68,57.99,58.34,58.72,59.12,59.56,60.06,60.67,61.4,62.24,63.17,64.14,65.06,65.89,66.58,67.11
Dominican Republic,DOM,"Life expectancy at birth, total (years)",SP.DYN.LE00.IN,69.43,69.69,69.96,70.23,70.5,70.77,71.04,71.3,71.56,71.81,72.05,72.28,72.52,72.76,73,73.24,73.47,73.69,73.89,74.08
Ecuador,ECU,"Life expectancy at birth, total (years)",SP.DYN.LE00.IN,72.76,73.08,73.37,73.64,73.89,74.11,74.32,74.51,74.71,74.9,75.09,75.29,75.5,75.71,75.92,76.14,76.37,76.58,76.8,77.01
Egypt,EGY,"Life expectancy at birth, total (years)",SP.DYN.LE00.IN,68.6,68.8,68.96,69.12,69.27,69.43,69.61,69.79,69.97,70.16,70.35,70.54,70.74,70.93,71.12,71.3,71.48,71.66,71.83,71.99
El Salvador,SLV,"Life expectancy at birth, total (years)",SP.DYN.LE00.IN,68.88,69.16,69.43,69.68,69.91,70.12,70.33,70.54,70.76,70.98,71.21,71.45,71.69,71.94,72.18,72.41,72.64,72.87,73.1,73.32
Equatorial Guinea,GNQ,"Life expectancy at birth, total (years)",SP.DYN.LE00.IN,53.28,53.58,53.84,54.06,54.26,54.45,54.64,54.84,55.07,55.33,55.62,55.95,56.29,56.64,57,57.36,57.71,58.06,58.4,58.74
Eritrea,ERI,"Life expectancy at birth, total (years)",SP.DYN.LE00.IN,55.27,55.86,56.5,57.19,57.93,58.71,59.49,60.24,60.95,61.6,62.19,62.73,63.24,63.73,64.2,64.66,65.11,65.54,65.94,66.32
Estonia,EST,"Life expectancy at birth, total (years)",SP.DYN.LE00.IN,70.42,70.26,70.9,71.32,71.91,72.57,72.69,72.81,73.77,74.82,75.43,76.23,76.33,77.14,77.03,77.59,77.64,78.09,78.24,78.65
Eswatini,SWZ,"Life expectancy at birth, total (years)",SP.DYN.LE00.IN,47.49,45.8,44.41,43.37,42.73,42.52,42.73,43.31,44.17,45.28,46.6,48.14,49.86,51.7,53.57,55.36,56.96,58.32,59.4,60.19
Ethiopia,ETH,"Life expectancy at birth, total (years)",SP.DYN.LE00.IN,51.94,52.6,53.35,54.21,55.17,56.22,57.33,58.47,59.58,60.65,61.63,62.51,63.28,63.96,64.55,65.05,65.48,65.87,66.24,66.6
Fiji,FJI,"Life expectancy at birth, total (years)",SP.DYN.LE00.IN,65.69,65.86,66.02,66.15,66.25,66.31,66.36,66.41,66.48,66.56,66.66,66.76,66.86,66.95,67.03,67.1,67.18,67.25,67.34,67.44
Finland,FIN,"Life expectancy at birth, total (years)",SP.DYN.LE00.IN,77.47,77.97,78.12,78.37,78.71,78.82,79.21,79.26,79.57,79.72,79.87,80.47,80.63,80.98,81.18,81.48,81.43,81.63,81.73,81.98
France,FRA,"Life expectancy at birth, total (years)",SP.DYN.LE00.IN,79.06,79.16,79.26,79.11,80.16,80.16,80.81,81.11,81.21,81.41,81.66,82.11,81.97,82.22,82.72,82.32,82.57,82.58,82.68,82.83
French Polynesia,PYF,"Life expectancy at birth, total (years)",SP.DYN.LE00.IN,72.3,72.66,73.02,73.38,73.75,74.12,74.47,74.79,75.09,75.36,75.61,75.84,76.07,76.31,76.55,76.79,77.02,77.25,77.46,77.66
Gabon,GAB,"Life expectancy at birth, total (years)",SP.DYN.LE00.IN,58.26,57.97,57.79,57.76,57.89,58.18,58.64,59.23,59.9,60.64,61.4,62.17,62.92,63.65,64.32,64.91,65.42,65.84,66.19,66.47
Gambia,GMB,"Life expectancy at birth, total (years)",SP.DYN.LE00.IN,55.96,56.36,56.76,57.16,57.55,57.94,58.31,58.67,59.01,59.33,59.64,59.92,60.18,60.43,60.67,60.91,61.17,61.44,61.74,62.05
Georgia,GEO,"Life expectancy at birth, total (years)",SP.DYN.LE00.IN,69.9,70.07,70.22,70.35,70.45,70.54,70.64,70.77,70.95,71.18,71.46,71.77,72.1,72.41,72.71,72.97,73.21,73.41,73.6,73.77
Germany,DEU,"Life expectancy at birth, total (years)",SP.DYN.LE00.IN,77.93,78.33,78.23,78.38,78.68,78.93,79.13,79.53,79.74,79.84,79.99,80.44,80.54,80.49,81.09,80.64,80.99,80.99,80.89,81.29
Ghana,GHA,"Life expectancy at birth, total (years)",SP.DYN.LE00.IN,57,57.16,57.43,57.79,58.23,58.72,59.23,59.74,60.22,60.65,61.03,61.38,61.72,62.06,62.42,62.77,63.12,63.46,63.78,64.07
Greece,GRC,"Life expectancy at birth, total (years)",SP.DYN.LE00.IN,77.89,78.39,78.64,78.84,79.04,79.24,79.44,79.44,79.94,80.19,80.39,80.73,80.63,81.29,81.39,81.04,81.39,81.29,81.79,81.64
Grenada,GRD,"Life expectancy at birth, total (years)",SP.DYN.LE00.IN,72.65,72.81,72.93,73.02,73.09,73.12,73.13,73.1,73.04,72.96,72.87,72.77,72.67,72.58,72.5,72.45,72.41,72.39,72.38,72.4
Guam,GUM,"Life expectancy at birth, total (years)",SP.DYN.LE00.IN,75.01,75.37,75.73,76.07,76.39,76.69,76.97,77.23,77.47,77.71,77.94,78.17,78.41,78.65,78.9,79.14,79.39,79.63,79.86,80.07
Guatemala,GTM,"Life expectancy at birth, total (years)",SP.DYN.LE00.IN,67.85,68.3,68.72,69.09,69.44,69.76,70.08,70.41,70.75,71.11,71.48,71.86,72.24,72.6,72.94,73.25,73.54,73.81,74.06,74.3
Guinea,GIN,"Life expectancy at birth, total (years)",SP.DYN.LE00.IN,51.2,51.26,51.48,51.9,52.5,53.24,54.05,54.86,55.61,56.28,56.86,57.39,57.91,58.45,59.02,59.6,60.17,60.71,61.19,61.6
Guinea-Bissau,GNB,"Life expectancy at birth, total (years)",SP.DYN.LE00.IN,50.37,50.74,51.12,51.5,51.88,52.28,52.69,53.14,53.61,54.11,54.63,55.14,55.65,56.12,56.56,56.96,57.33,57.67,58,58.32
Guyana,GUY,"Life expectancy at birth, total (years)",SP.DYN.LE00.IN,65.24,65.53,65.83,66.12,66.41,66.69,66.97,67.25,67.52,67.79,68.06,68.32,68.58,68.82,69.05,69.26,69.45,69.62,69.77,69.91
Haiti,HTI,"Life expectancy at birth, total (years)",SP.DYN.LE00.IN,57.13,57.38,57.66,57.96,58.29,58.65,59.03,59.41,59.78,60.15,60.51,60.88,61.26,61.66,62.07,62.49,62.9,63.29,63.66,64
Honduras,HND,"Life expectancy at birth, total (years)",SP.DYN.LE00.IN,70.69,70.98,71.25,71.51,71.77,72.03,72.29,72.54,72.8,73.06,73.32,73.57,73.81,74.05,74.28,74.5,74.7,74.9,75.09,75.27
Hungary,HUN,"Life expectancy at birth, total (years)",SP.DYN.LE00.IN,71.25,72.25,72.35,72.3,72.65,72.65,73.1,73.15,73.7,73.9,74.21,74.86,75.06,75.57,75.76,75.57,76.06,75.82,76.07,76.32
Iceland,ISL,"Life expectancy at birth, total (years)",SP.DYN.LE00.IN,79.65,80.69,80.5,80.96,81,81.5,81.16,81.45,81.61,81.75,81.9,82.36,82.92,82.06,82.86,82.47,82.2,82.66,82.86,83.16
India,IND,"Life expectancy at birth, total (years)",SP.DYN.LE00.IN,62.51,62.91,63.3,63.7,64.1,64.5,64.92,65.35,65.79,66.24,66.69,67.13,67.55,67.93,68.29,68.61,68.9,69.17,69.42,69.66
Indonesia,IDN,"Life expectancy at birth, total (years)",SP.DYN.LE00.IN,65.77,66.04,66.32,66.63,66.97,67.33,67.72,68.11,68.49,68.85,69.21,69.54,69.87,70.18,70.48,70.77,71.04,71.28,71.51,71.72
Iran,IRN,"Life expectancy at birth, total (years)",SP.DYN.LE00.IN,70.18,70.55,70.92,71.27,71.59,71.92,72.26,72.63,73.03,73.46,73.91,74.35,74.78,75.16,75.5,75.8,76.05,76.27,76.48,76.68
Iraq,IRQ,"Life expectancy at birth, total (years)",SP.DYN.LE00.IN,69.08,68.98,68.83,68.64,68.44,68.27,68.16,68.13,68.19,68.34,68.57,68.85,69.15,69.44,69.7,69.93,70.12,70.29,70.45,70.6
Ireland,IRL,"Life expectancy at birth, total (years)",SP.DYN.LE00.IN,76.54,77.13,77.63,78.14,78.54,78.94,79.24,79.64,80.1,80.19,80.74,80.75,80.85,80.95,81.35,81.45,81.65,82.16,82.2,82.7
Israel,ISR,"Life expectancy at birth, total (years)",SP.DYN.LE00.IN,78.95,79.41,79.45,79.65,80.15,80.15,80.55,80.5,80.95,81.4,81.6,81.66,81.7,82.06,82.15,82.05,82.41,82.55,82.8,82.8
Italy,ITA,"Life expectancy at birth, total (years)",SP.DYN.LE00.IN,79.78,80.13,80.23,79.98,80.78,80.78,81.28,81.43,81.49,81.64,82.04,82.19,82.24,82.69,83.09,82.54,83.24,82.95,83.35,83.5
Jamaica,JAM,"Life expectancy at birth, total (years)",SP.DYN.LE00.IN,74.14,74.14,74.14,74.14,74.15,74.15,74.14,74.13,74.1,74.07,74.04,74.01,74,74.01,74.04,74.1,74.18,74.27,74.37,74.48
Japan,JPN,"Life expectancy at birth, total (years)",SP.DYN.LE00.IN,81.08,81.42,81.56,81.76,82.03,81.93,82.32,82.51,82.59,82.93,82.84,82.59,83.1,83.33,83.59,83.79,83.98,84.1,84.21,84.36
Jordan,JOR,"Life expectancy at birth, total (years)",SP.DYN.LE00.IN,71.73,71.91,72.08,72.26,72.43,72.6,72.76,72.93,73.1,73.27,73.43,73.58,73.72,73.85,73.97,74.08,74.18,74.29,74.41,74.53
Kazakhstan,KAZ,"Life expectancy at birth, total (years)",SP.DYN.LE00.IN,65.45,65.76,65.95,65.74,66.06,65.86,66.15,66.34,67.11,68.39,68.45,68.69,69.52,70.62,71.44,71.97,72.41,72.95,73.15,73.18
Kenya,KEN,"Life expectancy at birth, total (years)",SP.DYN.LE00.IN,50.92,51.1,51.61,52.41,53.48,54.73,56.09,57.46,58.76,59.93,60.96,61.85,62.66,63.42,64.14,64.8,65.39,65.91,66.34,66.7
Kiribati,KIR,"Life expectancy at birth, total (years)",SP.DYN.LE00.IN,63.14,63.45,63.73,64,64.24,64.48,64.71,64.95,65.21,65.48,65.77,66.07,66.38,66.69,67,67.29,67.58,67.85,68.12,68.37
"Korea, Dem. People's Rep.",PRK,"Life expectancy at birth, total (years)",SP.DYN.LE00.IN,65.27,66.09,66.93,67.62,68.1,68.39,68.54,68.68,68.88,69.19,69.57,70.01,70.45,70.85,71.2,71.48,71.71,71.91,72.1,72.27
South Korea,KOR,"Life expectancy at birth, total (years)",SP.DYN.LE00.IN,75.91,76.41,76.77,77.21,77.67,78.17,78.67,79.12,79.52,79.97,80.12,80.57,80.82,81.27,81.72,82.02,82.28,82.63,82.63,83.23
Kuwait,KWT,"Life expectancy at birth, total (years)",SP.DYN.LE00.IN,73.14,73.21,73.28,73.36,73.44,73.54,73.66,73.81,73.98,74.16,74.36,74.55,74.73,74.89,75.02,75.13,75.22,75.31,75.4,75.49
Kyrgyz Republic,KGZ,"Life expectancy at birth, total (years)",SP.DYN.LE00.IN,68.56,68.71,68.16,68.26,68.15,67.96,67.7,67.9,68.45,69.1,69.3,69.6,70,70.2,70.4,70.65,70.95,71.2,71.4,71.6
Lao People's Democratic Republic,LAO,"Life expectancy at birth, total (years)",SP.DYN.LE00.IN,58.8,59.37,59.94,60.5,61.07,61.63,62.18,62.73,63.27,63.8,64.31,64.8,65.27,65.72,66.14,66.55,66.92,67.28,67.61,67.92
Latvia,LVA,"Life expectancy at birth, total (years)",SP.DYN.LE00.IN,70.31,70.76,70.96,71.27,72.03,71.36,70.87,71.02,72.42,73.08,73.48,73.58,73.78,73.98,74.12,74.48,74.58,74.63,74.78,75.39
Lebanon,LBN,"Life expectancy at birth, total (years)",SP.DYN.LE00.IN,74.51,75,75.49,75.97,76.43,76.87,77.26,77.61,77.91,78.16,78.36,78.51,78.61,78.68,78.73,78.77,78.8,78.83,78.88,78.93
Lesotho,LSO,"Life expectancy at birth, total (years)",SP.DYN.LE00.IN,47.69,46.2,44.9,43.85,43.08,42.66,42.6,42.85,43.38,44.15,45.1,46.21,47.42,48.66,49.89,51.04,52.06,52.95,53.71,54.33
Liberia,LBR,"Life expectancy at birth, total (years)",SP.DYN.LE00.IN,51.73,52.24,52.83,53.55,54.42,55.39,56.4,57.37,58.23,58.97,59.6,60.15,60.66,61.19,61.72,62.27,62.8,63.3,63.73,64.1
Libya,LBY,"Life expectancy at birth, total (years)",SP.DYN.LE00.IN,70.85,71.04,71.24,71.47,71.69,71.9,72.06,72.16,72.17,72.13,72.04,71.96,71.9,71.91,71.98,72.12,72.31,72.52,72.72,72.91
Lithuania,LTU,"Life expectancy at birth, total (years)",SP.DYN.LE00.IN,72.02,71.66,71.76,72.06,71.96,71.25,71.06,70.9,71.81,72.91,73.27,73.56,73.86,73.91,74.52,74.32,74.67,75.48,75.68,76.28
Luxembourg,LUX,"Life expectancy at birth, total (years)",SP.DYN.LE00.IN,77.87,77.82,77.97,77.73,79.12,79.43,79.29,79.38,80.54,80.64,80.63,80.99,81.39,81.8,82.23,82.29,82.69,82.1,82.3,82.64
Madagascar,MDG,"Life expectancy at birth, total (years)",SP.DYN.LE00.IN,58.49,59.13,59.72,60.26,60.75,61.21,61.65,62.08,62.51,62.94,63.39,63.84,64.28,64.71,65.13,65.54,65.93,66.31,66.68,67.04
Malawi,MWI,"Life expectancy at birth, total (years)",SP.DYN.LE00.IN,45.09,45.2,45.52,46.05,46.82,47.84,49.12,50.6,52.21,53.89,55.56,57.16,58.63,59.93,61.04,61.95,62.68,63.28,63.8,64.26
Malaysia,MYS,"Life expectancy at birth, total (years)",SP.DYN.LE00.IN,72.59,72.78,72.98,73.17,73.36,73.56,73.74,73.93,74.12,74.31,74.49,74.68,74.88,75.07,75.27,75.46,75.65,75.83,76,76.16
Maldives,MDV,"Life expectancy at birth, total (years)",SP.DYN.LE00.IN,70.17,70.96,71.71,72.4,73.03,73.61,74.14,74.62,75.07,75.5,75.91,76.29,76.66,77.02,77.36,77.69,78.01,78.33,78.63,78.92
Mali,MLI,"Life expectancy at birth, total (years)",SP.DYN.LE00.IN,48.07,48.76,49.54,50.37,51.22,52.06,52.84,53.55,54.19,54.76,55.25,55.7,56.14,56.58,57.04,57.51,57.99,58.45,58.89,59.31
Malta,MLT,"Life expectancy at birth, total (years)",SP.DYN.LE00.IN,78.35,78.84,78.74,78.55,79.25,79.3,79.44,79.79,79.64,80.24,81.4,80.75,80.75,81.75,82.05,81.9,82.45,82.35,82.45,82.86
Mauritania,MRT,"Life expectancy at birth, total (years)",SP.DYN.LE00.IN,60.71,60.79,60.89,61.02,61.17,61.35,61.55,61.78,62.02,62.27,62.53,62.8,63.08,63.37,63.65,63.94,64.21,64.46,64.7,64.93
Mauritius,MUS,"Life expectancy at birth, total (years)",SP.DYN.LE00.IN,71.66,71.77,71.97,72.12,72.27,72.43,72.43,72.57,72.57,72.88,72.97,73.27,73.86,74.02,74.19,74.35,74.39,74.51,74.42,74.24
Mexico,MEX,"Life expectancy at birth, total (years)",SP.DYN.LE00.IN,74.34,74.66,74.92,75.12,75.24,75.3,75.3,75.26,75.19,75.13,75.07,75.01,74.97,74.93,74.91,74.9,74.92,74.95,74.99,75.05
Micronesia,FSM,"Life expectancy at birth, total (years)",SP.DYN.LE00.IN,64.55,64.71,64.89,65.08,65.28,65.49,65.7,65.9,66.1,66.29,66.47,66.65,66.82,66.99,67.15,67.32,67.47,67.62,67.76,67.88
Moldova,MDA,"Life expectancy at birth, total (years)",SP.DYN.LE00.IN,67.01,67.19,67.36,67.52,67.67,67.82,68.02,68.3,68.67,69.12,69.62,70.12,70.58,70.97,71.27,71.48,71.62,71.72,71.81,71.9
Mongolia,MNG,"Life expectancy at birth, total (years)",SP.DYN.LE00.IN,62.87,63.32,63.78,64.23,64.67,65.1,65.54,65.99,66.45,66.92,67.38,67.82,68.22,68.57,68.86,69.11,69.32,69.51,69.69,69.87
Montenegro,MNE,"Life expectancy at birth, total (years)",SP.DYN.LE00.IN,73.18,73.19,73.24,73.32,73.43,73.98,73.84,74.34,75.14,75.14,75.99,75.98,76.2,76.49,76.44,76.45,76.44,76.49,76.84,76.68
Morocco,MAR,"Life expectancy at birth, total (years)",SP.DYN.LE00.IN,68.68,69.19,69.77,70.4,71.07,71.75,72.4,73.01,73.55,74,74.38,74.7,74.97,75.23,75.48,75.73,75.97,76.22,76.45,76.68
Mozambique,MOZ,"Life expectancy at birth, total (years)",SP.DYN.LE00.IN,48.95,49.3,49.61,49.89,50.14,50.39,50.64,50.93,51.29,51.74,52.31,53.04,53.93,54.95,56.06,57.21,58.31,59.31,60.16,60.85
Myanmar,MMR,"Life expectancy at birth, total (years)",SP.DYN.LE00.IN,60.06,60.38,60.69,60.99,61.29,61.61,61.94,62.29,62.68,63.09,63.53,63.98,64.45,64.92,65.38,65.81,66.21,66.56,66.87,67.13
Namibia,NAM,"Life expectancy at birth, total (years)",SP.DYN.LE00.IN,52.19,51.4,50.86,50.59,50.6,50.93,51.61,52.59,53.82,55.21,56.67,58.09,59.39,60.51,61.43,62.12,62.63,63.02,63.37,63.71
Nepal,NPL,"Life expectancy at birth, total (years)",SP.DYN.LE00.IN,62.29,62.95,63.57,64.17,64.73,65.26,65.77,66.26,66.73,67.18,67.61,68.03,68.43,68.81,69.17,69.52,69.85,70.17,70.48,70.78
Netherlands,NLD,"Life expectancy at birth, total (years)",SP.DYN.LE00.IN,77.99,78.19,78.29,78.49,79.1,79.35,79.7,80.1,80.25,80.55,80.7,81.2,81.1,81.3,81.71,81.51,81.56,81.76,81.81,82.11
New Caledonia,NCL,"Life expectancy at birth, total (years)",SP.DYN.LE00.IN,75.16,74.83,75.1,75.27,75.47,75.72,76.08,76.48,76.68,76.98,77.28,76.63,77.08,77.18,77.24,77.28,76.93,77.54,77.43,77.63
New Zealand,NZL,"Life expectancy at birth, total (years)",SP.DYN.LE00.IN,78.64,78.69,78.85,79.15,79.55,79.85,80.05,80.15,80.35,80.7,80.7,80.9,81.16,81.41,81.4,81.46,81.61,81.66,81.86,81.71
Nicaragua,NIC,"Life expectancy at birth, total (years)",SP.DYN.LE00.IN,69.53,69.93,70.31,70.64,70.93,71.2,71.44,71.67,71.92,72.17,72.43,72.69,72.95,73.2,73.43,73.65,73.86,74.07,74.28,74.49
Niger,NER,"Life expectancy at birth, total (years)",SP.DYN.LE00.IN,49.93,50.58,51.26,51.95,52.67,53.41,54.18,54.97,55.76,56.56,57.33,58.08,58.79,59.46,60.07,60.63,61.14,61.6,62.02,62.42
Nigeria,NGA,"Life expectancy at birth, total (years)",SP.DYN.LE00.IN,46.27,46.51,46.84,47.24,47.72,48.25,48.81,49.37,49.91,50.42,50.9,51.35,51.79,52.23,52.67,53.11,53.54,53.95,54.33,54.69
North Macedonia,MKD,"Life expectancy at birth, total (years)",SP.DYN.LE00.IN,72.95,73.44,73.04,73.24,73.6,73.7,73.9,73.8,74.4,74.45,75,75.1,74.9,75.4,75.45,75.4,75.4,75.95,76.65,76.6
Northern Mariana Islands,MNP,"Life expectancy at birth, total (years)",SP.DYN.LE00.IN,..,..,..,..,..,..,..,..,..,..,..,..,..,..,..,..,..,..,..,..
Norway,NOR,"Life expectancy at birth, total (years)",SP.DYN.LE00.IN,78.63,78.79,78.99,79.39,79.84,80.04,80.34,80.4,80.59,80.8,81,81.3,81.45,81.75,82.1,82.3,82.41,82.61,82.76,82.96
Oman,OMN,"Life expectancy at birth, total (years)",SP.DYN.LE00.IN,72.13,72.58,73.02,73.45,73.85,74.23,74.58,74.89,75.18,75.44,75.68,75.92,76.15,76.39,76.63,76.89,77.14,77.39,77.63,77.86
Pakistan,PAK,"Life expectancy at birth, total (years)",SP.DYN.LE00.IN,62.82,63.07,63.3,63.52,63.74,63.95,64.18,64.42,64.69,64.97,65.26,65.56,65.85,66.12,66.36,66.58,66.77,66.95,67.11,67.27
Panama,PAN,"Life expectancy at birth, total (years)",SP.DYN.LE00.IN,75.06,75.23,75.4,75.57,75.73,75.89,76.06,76.23,76.41,76.6,76.79,76.99,77.19,77.39,77.58,77.78,77.96,78.15,78.33,78.51
Papua New Guinea,PNG,"Life expectancy at birth, total (years)",SP.DYN.LE00.IN,59.27,59.49,59.72,59.97,60.25,60.53,60.84,61.14,61.44,61.74,62.03,62.32,62.6,62.89,63.18,63.47,63.74,64.01,64.26,64.5
Paraguay,PRY,"Life expectancy at birth, total (years)",SP.DYN.LE00.IN,70.55,70.79,71.02,71.25,71.46,71.67,71.86,72.06,72.25,72.45,72.65,72.86,73.07,73.27,73.47,73.66,73.84,73.99,74.13,74.25
Peru,PER,"Life expectancy at birth, total (years)",SP.DYN.LE00.IN,71.11,71.51,71.88,72.24,72.58,72.91,73.22,73.53,73.83,74.12,74.41,74.7,74.98,75.26,75.53,75.79,76.04,76.29,76.52,76.74
Philippines,PHL,"Life expectancy at birth, total (years)",SP.DYN.LE00.IN,68.79,68.84,68.88,68.94,69.01,69.11,69.23,69.37,69.52,69.67,69.82,69.98,70.15,70.32,70.48,70.64,70.8,70.95,71.1,71.23
Poland,POL,"Life expectancy at birth, total (years)",SP.DYN.LE00.IN,73.75,74.2,74.5,74.6,74.85,75,75.14,75.24,75.54,75.7,76.25,76.7,76.75,77,77.6,77.45,77.85,77.75,77.6,77.9
Portugal,PRT,"Life expectancy at birth, total (years)",SP.DYN.LE00.IN,76.31,76.81,77.07,77.22,77.67,78.07,78.42,78.32,78.52,78.73,79.03,80.47,80.37,80.72,81.12,81.12,81.12,81.42,81.32,81.68
Puerto Rico,PRI,"Life expectancy at birth, total (years)",SP.DYN.LE00.IN,76.69,77.07,77.76,78.07,78.18,78.3,78.42,78.43,77.96,78.19,78.42,78.64,78.85,79.03,79.2,79.35,79.49,79.63,79.78,79.93
Qatar,QAT,"Life expectancy at birth, total (years)",SP.DYN.LE00.IN,77.47,77.61,77.76,77.92,78.08,78.25,78.43,78.6,78.78,78.95,79.11,79.26,79.4,79.53,79.65,79.76,79.87,79.98,80.1,80.23
Romania,ROU,"Life expectancy at birth, total (years)",SP.DYN.LE00.IN,71.16,71.16,71.01,71.31,71.56,71.91,72.16,72.57,72.57,73.31,73.46,74.41,74.41,75.06,74.91,74.91,75.21,75.31,75.36,75.61
Russian Federation,RUS,"Life expectancy at birth, total (years)",SP.DYN.LE00.IN,65.48,65.38,65.13,65.03,65.47,65.53,66.73,67.59,67.95,68.68,68.84,69.68,70.07,70.58,70.74,71.18,71.65,72.45,72.66,73.08
Rwanda,RWA,"Life expectancy at birth, total (years)",SP.DYN.LE00.IN,48.65,49.94,50.99,52.18,53.6,55.25,57.08,58.92,60.61,62.13,63.43,64.52,65.44,66.22,66.88,67.45,67.93,68.34,68.7,69.02
Samoa,WSM,"Life expectancy at birth, total (years)",SP.DYN.LE00.IN,68.75,69.1,69.45,69.78,70.09,70.37,70.64,70.9,71.16,71.41,71.66,71.91,72.14,72.35,72.55,72.73,72.9,73.05,73.19,73.32
Sao Tome and Principe,STP,"Life expectancy at birth, total (years)",SP.DYN.LE00.IN,61.37,62.02,62.69,63.36,64.02,64.66,65.27,65.85,66.41,66.94,67.43,67.89,68.31,68.7,69.05,69.38,69.67,69.93,70.17,70.39
Saudi Arabia,SAU,"Life expectancy at birth, total (years)",SP.DYN.LE00.IN,72.56,72.76,72.92,73.05,73.16,73.26,73.36,73.47,73.6,73.75,73.92,74.09,74.25,74.4,74.53,74.65,74.76,74.87,75,75.13
Senegal,SEN,"Life expectancy at birth, total (years)",SP.DYN.LE00.IN,57.79,58.18,58.68,59.26,59.91,60.62,61.37,62.13,62.88,63.61,64.28,64.9,65.45,65.94,66.37,66.75,67.08,67.38,67.67,67.94
Serbia,SRB,"Life expectancy at birth, total (years)",SP.DYN.LE00.IN,71.58,72.23,72.29,72.44,72.68,72.83,73.39,73.63,73.89,73.99,74.34,74.54,74.84,75.19,75.34,75.29,75.69,75.54,75.89,75.94
Sierra Leone,SLE,"Life expectancy at birth, total (years)",SP.DYN.LE00.IN,39.44,40.37,41.38,42.42,43.47,44.5,45.52,46.52,47.51,48.47,49.38,50.23,51.02,51.73,52.37,52.94,53.44,53.9,54.31,54.7
Singapore,SGP,"Life expectancy at birth, total (years)",SP.DYN.LE00.IN,77.95,78.25,78.55,79.04,79.49,79.99,80.14,80.44,80.79,81.24,81.54,81.74,82,82.25,82.5,82.74,82.85,83.1,83.3,83.6
Sint Maarten (Dutch part),SXM,"Life expectancy at birth, total (years)",SP.DYN.LE00.IN,..,..,..,..,..,..,..,74.54,74.54,75.59,..,..,73.05,..,77.07,77.22,78.29,..,..,..
Slovakia,SVK,"Life expectancy at birth, total (years)",SP.DYN.LE00.IN,73.05,73.4,73.6,73.6,73.96,73.9,74.2,74.21,74.7,74.91,75.11,75.96,76.11,76.41,76.81,76.56,77.17,77.17,77.27,77.67
Slovenia,SVN,"Life expectancy at birth, total (years)",SP.DYN.LE00.IN,75.41,75.76,76.01,76.86,77.21,77.61,78.09,78.56,78.77,78.97,79.42,79.97,80.12,80.32,81.08,80.78,81.18,81.03,81.38,81.53
Solomon Islands,SLB,"Life expectancy at birth, total (years)",SP.DYN.LE00.IN,67.44,67.82,68.18,68.52,68.85,69.16,69.46,69.76,70.06,70.37,70.67,70.99,71.3,71.6,71.9,72.17,72.42,72.65,72.84,73
Somalia,SOM,"Life expectancy at birth, total (years)",SP.DYN.LE00.IN,50.87,51.21,51.49,51.76,52.04,52.35,52.67,53,53.33,53.65,53.99,54.34,54.71,55.1,55.51,55.92,56.32,56.71,57.07,57.4
South Africa,ZAF,"Life expectancy at birth, total (years)",SP.DYN.LE00.IN,56.05,55.09,54.31,53.75,53.44,53.45,53.8,54.45,55.36,56.46,57.67,58.9,60.06,61.1,61.97,62.65,63.15,63.54,63.86,64.13
Spain,ESP,"Life expectancy at birth, total (years)",SP.DYN.LE00.IN,78.97,79.37,79.57,79.62,79.87,80.17,80.82,80.87,81.18,81.48,81.63,82.48,82.43,83.08,83.23,82.83,83.33,83.28,83.43,83.83
Sri Lanka,LKA,"Life expectancy at birth, total (years)",SP.DYN.LE00.IN,71.33,72.23,73.09,73.8,74.34,74.7,74.9,75.04,75.16,75.29,75.44,75.61,75.8,75.97,76.15,76.32,76.48,76.65,76.81,76.98
Saint Kitts and Nevis,KNA,"Life expectancy at birth, total (years)",SP.DYN.LE00.IN,..,..,71.34,..,..,..,..,..,..,..,..,..,..,..,..,..,..,..,..,..
Saint Lucia,LCA,"Life expectancy at birth, total (years)",SP.DYN.LE00.IN,73.32,73.49,73.65,73.81,73.97,74.12,74.28,74.43,74.57,74.71,74.85,74.99,75.14,75.29,75.44,75.6,75.75,75.91,76.06,76.2
Saint Vincent and the Grenadines,VCT,"Life expectancy at birth, total (years)",SP.DYN.LE00.IN,70.81,70.88,70.98,71.09,71.21,71.33,71.45,71.55,71.64,71.72,71.78,71.83,71.88,71.94,72.01,72.1,72.19,72.3,72.42,72.53
Sudan,SDN,"Life expectancy at birth, total (years)",SP.DYN.LE00.IN,58.47,58.86,59.26,59.67,60.09,60.53,60.97,61.42,61.88,62.33,62.76,63.17,63.54,63.88,64.17,64.43,64.66,64.88,65.1,65.31
Suriname,SUR,"Life expectancy at birth, total (years)",SP.DYN.LE00.IN,67.82,67.91,68.06,68.28,68.56,68.88,69.23,69.58,69.91,70.21,70.47,70.68,70.85,71,71.13,71.25,71.36,71.46,71.57,71.68
Sweden,SWE,"Life expectancy at birth, total (years)",SP.DYN.LE00.IN,79.64,79.8,79.85,80.1,80.5,80.55,80.75,80.9,81.1,81.35,81.45,81.8,81.7,81.96,82.25,82.2,82.31,82.41,82.56,83.11
Switzerland,CHE,"Life expectancy at birth, total (years)",SP.DYN.LE00.IN,79.68,80.18,80.39,80.54,81.09,81.24,81.49,81.74,81.99,82.04,82.25,82.7,82.7,82.8,83.2,82.9,83.6,83.55,83.75,83.9
Syrian Arab Republic,SYR,"Life expectancy at birth, total (years)",SP.DYN.LE00.IN,73.11,73.37,73.66,73.97,74.25,74.43,74.41,74.15,73.65,72.94,72.11,71.27,70.55,70.05,69.82,69.91,70.32,70.97,71.78,72.7
Tajikistan,TJK,"Life expectancy at birth, total (years)",SP.DYN.LE00.IN,61.97,62.81,63.65,64.5,65.31,66.08,66.77,67.38,67.91,68.36,68.74,69.06,69.34,69.61,69.87,70.14,70.4,70.65,70.88,71.1
Tanzania,TZA,"Life expectancy at birth, total (years)",SP.DYN.LE00.IN,50.8,51.44,52.14,52.87,53.6,54.35,55.12,55.93,56.78,57.67,58.58,59.53,60.47,61.4,62.29,63.11,63.84,64.48,65.02,65.46
Thailand,THA,"Life expectancy at birth, total (years)",SP.DYN.LE00.IN,70.62,70.83,71.09,71.39,71.73,72.1,72.5,72.92,73.34,73.77,74.18,74.59,74.99,75.38,75.75,76.09,76.4,76.68,76.93,77.15
Timor-Leste,TLS,"Life expectancy at birth, total (years)",SP.DYN.LE00.IN,59,59.95,60.9,61.89,62.89,63.88,64.8,65.61,66.28,66.8,67.19,67.48,67.72,67.95,68.2,68.46,68.74,69.01,69.26,69.5
Togo,TGO,"Life expectancy at birth, total (years)",SP.DYN.LE00.IN,53.49,53.55,53.71,53.94,54.23,54.6,55.05,55.58,56.18,56.82,57.47,58.09,58.66,59.16,59.58,59.93,60.22,60.49,60.76,61.04
Tonga,TON,"Life expectancy at birth, total (years)",SP.DYN.LE00.IN,69.67,69.73,69.77,69.8,69.82,69.84,69.85,69.88,69.92,69.98,70.06,70.15,70.24,70.34,70.43,70.52,70.61,70.7,70.8,70.91
Trinidad and Tobago,TTO,"Life expectancy at birth, total (years)",SP.DYN.LE00.IN,69.41,69.65,69.9,70.16,70.43,70.69,70.95,71.21,71.46,71.71,71.95,72.17,72.38,72.58,72.77,72.94,73.1,73.25,73.38,73.51
Tunisia,TUN,"Life expectancy at birth, total (years)",SP.DYN.LE00.IN,73.17,73.42,73.64,73.84,74.03,74.22,74.39,74.56,74.72,74.88,75.04,75.21,75.38,75.55,75.73,75.92,76.12,76.31,76.51,76.7
Türkiye,TUR,"Life expectancy at birth, total (years)",SP.DYN.LE00.IN,70.01,70.56,71.08,71.56,72,72.42,72.83,73.24,73.65,74.07,74.51,74.94,75.37,75.78,76.17,76.53,76.86,77.16,77.44,77.69
Turkmenistan,TKM,"Life expectancy at birth, total (years)",SP.DYN.LE00.IN,63.61,63.84,64.1,64.39,64.69,65.02,65.35,65.7,66.03,66.36,66.66,66.93,67.17,67.38,67.55,67.7,67.84,67.96,68.07,68.19
Uganda,UGA,"Life expectancy at birth, total (years)",SP.DYN.LE00.IN,46.23,47.22,48.3,49.42,50.55,51.68,52.78,53.89,54.98,56.06,57.1,58.09,59.02,59.88,60.67,61.37,61.99,62.52,62.97,63.37
Ukraine,UKR,"Life expectancy at birth, total (years)",SP.DYN.LE00.IN,67.68,67.84,68.28,68.21,68.19,67.96,68.08,68.22,68.25,69.19,70.27,70.81,70.94,71.16,71.19,71.19,71.48,71.78,71.58,71.83
United Arab Emirates,ARE,"Life expectancy at birth, total (years)",SP.DYN.LE00.IN,74.33,74.54,74.76,74.97,75.17,75.38,75.57,75.77,75.96,76.15,76.33,76.52,76.71,76.9,77.1,77.29,77.47,77.65,77.81,77.97
United Kingdom,GBR,"Life expectancy at birth, total (years)",SP.DYN.LE00.IN,77.74,77.99,78.14,78.45,78.75,79.05,79.25,79.45,79.6,80.05,80.4,80.95,80.9,81,81.3,80.96,81.16,81.26,81.26,81.2
United States of America,USA,"Life expectancy at birth, total (years)",SP.DYN.LE00.IN,76.64,76.84,76.94,77.04,77.49,77.49,77.69,77.99,78.04,78.39,78.54,78.64,78.74,78.74,78.84,78.69,78.54,78.54,78.64,78.79
Uruguay,URY,"Life expectancy at birth, total (years)",SP.DYN.LE00.IN,74.73,74.94,75.15,75.37,75.6,75.83,76.05,76.25,76.44,76.6,76.75,76.88,77,77.12,77.24,77.37,77.5,77.63,77.77,77.91
Uzbekistan,UZB,"Life expectancy at birth, total (years)",SP.DYN.LE00.IN,67.16,67.37,67.61,67.87,68.14,68.41,68.68,68.94,69.19,69.44,69.67,69.91,70.16,70.41,70.67,70.93,71.17,71.39,71.57,71.73
Vanuatu,VUT,"Life expectancy at birth, total (years)",SP.DYN.LE00.IN,67.36,67.58,67.79,67.99,68.18,68.35,68.52,68.67,68.82,68.97,69.12,69.27,69.42,69.57,69.72,69.87,70.02,70.17,70.32,70.47
Venezuela,VEN,"Life expectancy at birth, total (years)",SP.DYN.LE00.IN,72.11,72.29,72.47,72.62,72.75,72.85,72.94,73.01,73.07,73.12,73.13,73.11,73.04,72.92,72.76,72.58,72.41,72.25,72.13,72.06
Vietnam,VNM,"Life expectancy at birth, total (years)",SP.DYN.LE00.IN,73.03,73.23,73.44,73.65,73.88,74.09,74.3,74.47,74.63,74.75,74.84,74.9,74.96,75.01,75.06,75.11,75.17,75.24,75.32,75.4
Virgin Islands (U.S.),VIR,"Life expectancy at birth, total (years)",SP.DYN.LE00.IN,76.62,77.62,77.52,77.52,77.77,77.42,78.32,76.86,77.16,77.51,77.87,78.32,78.52,78.72,78.87,79.02,79.17,79.37,79.52,79.67
West Bank and Gaza,PSE,"Life expectancy at birth, total (years)",SP.DYN.LE00.IN,71.02,71.24,71.45,71.65,71.84,72.03,72.2,72.37,72.52,72.66,72.79,72.92,73.04,73.17,73.3,73.44,73.59,73.74,73.9,74.05
Yemen,YEM,"Life expectancy at birth, total (years)",SP.DYN.LE00.IN,60.68,61.22,61.78,62.36,62.93,63.48,64,64.47,64.89,65.26,65.55,65.77,65.92,66.02,66.07,66.09,66.09,66.09,66.1,66.13
Zambia,ZMB,"Life expectancy at birth, total (years)",SP.DYN.LE00.IN,44,44.62,45.4,46.32,47.35,48.5,49.76,51.13,52.61,54.13,55.66,57.13,58.5,59.75,60.83,61.74,62.46,63.04,63.51,63.89
Zimbabwe,ZWE,"Life expectancy at birth, total (years)",SP.DYN.LE00.IN,44.65,44.01,43.52,43.2,43.07,43.24,43.85,44.95,46.5,48.45,50.64,52.9,55.03,56.9,58.41,59.53,60.29,60.81,61.2,61.49
