Country Name,Series Name,2000,2001,2002,2003,2004,2005,2006,2007,2008,2009,2010,2011,2012,2013,2014,2015,2016,2017,2018,2019
Albania,"Total alcohol consumption per capita (liters of pure alcohol, projected estimates, 15+ years of age)",6.57,6.79,7,7.22,7.43,7.65,7.66,7.67,7.67,7.68,7.69,7.5,7.31,7.12,6.93,6.74,6.88,7.03,7.17,..
Albania ,Prevalence of current tobacco use (% of adults),35,34.26,33.52,32.78,32.04,31.3,30.64,29.98,29.32,28.66,28,27.42,26.84,26.26,25.68,25.1,24.4,23.7,23,23
Algeria,"Total alcohol consumption per capita (liters of pure alcohol, projected estimates, 15+ years of age)",0.58,0.63,0.67,0.72,0.76,0.81,0.78,0.75,0.71,0.68,0.65,0.71,0.76,0.82,0.87,0.93,0.94,0.94,0.95,..
Algeria,Prevalence of current tobacco use (% of adults),22.2,22.12,22.04,21.96,21.88,21.8,21.74,21.68,21.62,21.56,21.5,21.42,21.34,21.26,21.18,21.1,21.07,21.03,21,21
Angola,"Total alcohol consumption per capita (liters of pure alcohol, projected estimates, 15+ years of age)",2.76,3.19,3.61,4.04,4.46,4.89,5.54,6.2,6.85,7.51,8.16,8.12,8.08,8.04,8,7.96,7.62,7.28,6.94,..
Angola,Prevalence of current tobacco use (% of adults),..,#VALUE!,#VALUE!,#VALUE!,#VALUE!,..,#VALUE!,#VALUE!,#VALUE!,#VALUE!,..,#VALUE!,#VALUE!,#VALUE!,#VALUE!,..,#VALUE!,#VALUE!,..,..
Antigua and Barbuda,"Total alcohol consumption per capita (liters of pure alcohol, projected estimates, 15+ years of age)",5.13,5.18,5.23,5.27,5.32,5.37,5.42,5.46,5.51,5.55,5.6,5.66,5.72,5.77,5.83,5.89,6.05,6.22,6.38,..
Antigua and Barbuda,Prevalence of current tobacco use (% of adults),..,#VALUE!,#VALUE!,#VALUE!,#VALUE!,..,#VALUE!,#VALUE!,#VALUE!,#VALUE!,..,#VALUE!,#VALUE!,#VALUE!,#VALUE!,..,#VALUE!,#VALUE!,..,..
Argentina,"Total alcohol consumption per capita (liters of pure alcohol, projected estimates, 15+ years of age)",8.75,8.73,8.71,8.7,8.68,8.66,8.75,8.83,8.92,9,9.09,9.18,9.27,9.37,9.46,9.55,9.58,9.62,9.65,..
Argentina,Prevalence of current tobacco use (% of adults),34,33.5,33,32.5,32,31.5,30.98,30.46,29.94,29.42,28.9,28.44,27.98,27.52,27.06,26.6,26.03,25.47,24.9,24.9
Armenia,"Total alcohol consumption per capita (liters of pure alcohol, projected estimates, 15+ years of age)",4.23,4.54,4.85,5.17,5.48,5.79,5.77,5.75,5.73,5.71,5.69,5.72,5.75,5.78,5.81,5.84,5.74,5.65,5.55,..
Armenia,Prevalence of current tobacco use (% of adults),32,31.66,31.32,30.98,30.64,30.3,29.96,29.62,29.28,28.94,28.6,28.26,27.92,27.58,27.24,26.9,26.53,26.17,25.8,25.8
Aruba,"Total alcohol consumption per capita (liters of pure alcohol, projected estimates, 15+ years of age)",..,#VALUE!,#VALUE!,#VALUE!,#VALUE!,..,#VALUE!,#VALUE!,#VALUE!,#VALUE!,..,#VALUE!,#VALUE!,#VALUE!,#VALUE!,..,#VALUE!,#VALUE!,..,..
Aruba,Prevalence of current tobacco use (% of adults),..,#VALUE!,#VALUE!,#VALUE!,#VALUE!,..,#VALUE!,#VALUE!,#VALUE!,#VALUE!,..,#VALUE!,#VALUE!,#VALUE!,#VALUE!,..,#VALUE!,#VALUE!,..,..
Australia,"Total alcohol consumption per capita (liters of pure alcohol, projected estimates, 15+ years of age)",11.72,11.79,11.86,11.94,12.01,12.08,12.14,12.2,12.27,12.33,12.39,12.08,11.77,11.45,11.14,10.83,10.72,10.62,10.51,..
Australia,Prevalence of current tobacco use (% of adults),24.4,23.74,23.08,22.42,21.76,21.1,20.52,19.94,19.36,18.78,18.2,17.7,17.2,16.7,16.2,15.7,15.13,14.57,14,14
Austria,"Total alcohol consumption per capita (liters of pure alcohol, projected estimates, 15+ years of age)",13.12,13.05,12.99,12.92,12.86,12.79,12.67,12.55,12.44,12.32,12.2,12.17,12.15,12.12,12.1,12.07,12.03,12,11.96,..
Austria,Prevalence of current tobacco use (% of adults),52.3,50.6,48.9,47.2,45.5,43.8,42.46,41.12,39.78,38.44,37.1,35.92,34.74,33.56,32.38,31.2,29.83,28.47,27.1,27.1
Azerbaijan,"Total alcohol consumption per capita (liters of pure alcohol, projected estimates, 15+ years of age)",3.45,3.12,2.79,2.47,2.14,1.81,2.04,2.27,2.51,2.74,2.97,3.29,3.61,3.94,4.26,4.58,4.52,4.47,4.41,..
Azerbaijan,Prevalence of current tobacco use (% of adults),28.7,28.48,28.26,28.04,27.82,27.6,27.32,27.04,26.76,26.48,26.2,26,25.8,25.6,25.4,25.2,24.87,24.53,24.2,24.2
Bahamas,"Total alcohol consumption per capita (liters of pure alcohol, projected estimates, 15+ years of age)",5.58,5.32,5.06,4.8,4.54,4.28,4.25,4.22,4.18,4.15,4.12,4.21,4.29,4.38,4.46,4.55,4.63,4.7,4.78,..
Bahamas,Prevalence of current tobacco use (% of adults),10.7,10.7,10.7,10.7,10.7,10.7,10.7,10.7,10.7,10.7,10.7,10.68,10.66,10.64,10.62,10.6,10.63,10.67,10.7,10.7
Bahrain,"Total alcohol consumption per capita (liters of pure alcohol, projected estimates, 15+ years of age)",1.74,1.74,1.75,1.75,1.76,1.76,1.75,1.73,1.72,1.7,1.69,1.61,1.53,1.46,1.38,1.3,1.23,1.16,1.09,..
Bahrain,Prevalence of current tobacco use (% of adults),22.2,21.76,21.32,20.88,20.44,20,19.62,19.24,18.86,18.48,18.1,17.76,17.42,17.08,16.74,16.4,16,15.6,15.2,15.2
Bangladesh,"Total alcohol consumption per capita (liters of pure alcohol, projected estimates, 15+ years of age)",0.23,0.22,0.2,0.19,0.17,0.16,0.16,0.16,0.16,0.16,0.16,0.13,0.1,0.08,0.05,0.02,0.02,0.02,0.02,..
Bangladesh,Prevalence of current tobacco use (% of adults),57.6,56.14,54.68,53.22,51.76,50.3,49.04,47.78,46.52,45.26,44,42.98,41.96,40.94,39.92,38.9,37.67,36.43,35.2,35.2
Barbados,"Total alcohol consumption per capita (liters of pure alcohol, projected estimates, 15+ years of age)",7.11,7.17,7.23,7.28,7.34,7.4,7.51,7.62,7.73,7.84,7.95,8.23,8.5,8.78,9.05,9.33,9.45,9.57,9.69,..
Barbados,Prevalence of current tobacco use (% of adults),10.2,10.1,10,9.9,9.8,9.7,9.6,9.5,9.4,9.3,9.2,9.12,9.04,8.96,8.88,8.8,8.7,8.6,8.5,8.5
Belarus,"Total alcohol consumption per capita (liters of pure alcohol, projected estimates, 15+ years of age)",15.17,15.2,15.22,15.25,15.27,15.3,15.73,16.15,16.58,17,17.43,16.34,15.26,14.17,13.09,12,11.82,11.63,11.45,..
Belarus,Prevalence of current tobacco use (% of adults),41.8,41.2,40.6,40,39.4,38.8,38.2,37.6,37,36.4,35.8,35.24,34.68,34.12,33.56,33,32.3,31.6,30.9,30.9
Belgium,"Total alcohol consumption per capita (liters of pure alcohol, projected estimates, 15+ years of age)",12.49,12.62,12.75,12.87,13,13.13,12.78,12.44,12.09,11.75,11.4,11.48,11.57,11.65,11.74,11.82,11.57,11.33,11.08,..
Belgium,Prevalence of current tobacco use (% of adults),33.4,32.82,32.24,31.66,31.08,30.5,30,29.5,29,28.5,28,27.54,27.08,26.62,26.16,25.7,25.1,24.5,23.9,23.9
Belize,"Total alcohol consumption per capita (liters of pure alcohol, projected estimates, 15+ years of age)",5.55,5.87,6.19,6.52,6.84,7.16,7.14,7.13,7.11,7.1,7.08,7.01,6.94,6.88,6.81,6.74,6.57,6.39,6.22,..
Belize,Prevalence of current tobacco use (% of adults),15,14.6,14.2,13.8,13.4,13,12.66,12.32,11.98,11.64,11.3,10.98,10.66,10.34,10.02,9.7,9.4,9.1,8.8,8.8
Benin,"Total alcohol consumption per capita (liters of pure alcohol, projected estimates, 15+ years of age)",2.46,2.41,2.37,2.32,2.28,2.23,2.28,2.33,2.37,2.42,2.47,2.57,2.67,2.77,2.87,2.97,2.92,2.86,2.81,..
Benin,Prevalence of current tobacco use (% of adults),16.7,16.04,15.38,14.72,14.06,13.4,12.86,12.32,11.78,11.24,10.7,10.28,9.86,9.44,9.02,8.6,8.13,7.67,7.2,7.2
Bhutan,"Total alcohol consumption per capita (liters of pure alcohol, projected estimates, 15+ years of age)",2.77,2.54,2.3,2.07,1.83,1.6,1.46,1.33,1.19,1.06,0.92,0.82,0.72,0.62,0.52,0.42,0.42,0.43,0.43,..
Bhutan,Prevalence of current tobacco use (% of adults),..,#VALUE!,#VALUE!,#VALUE!,#VALUE!,..,#VALUE!,#VALUE!,#VALUE!,#VALUE!,..,#VALUE!,#VALUE!,#VALUE!,#VALUE!,..,#VALUE!,#VALUE!,..,..
Bolivia,"Total alcohol consumption per capita (liters of pure alcohol, projected estimates, 15+ years of age)",3.44,3.63,3.81,4,4.18,4.37,4.61,4.85,5.08,5.32,5.56,5.38,5.19,5.01,4.82,4.64,4.57,4.5,4.43,..
Bolivia,Prevalence of current tobacco use (% of adults),32.1,30.66,29.22,27.78,26.34,24.9,23.82,22.74,21.66,20.58,19.5,18.72,17.94,17.16,16.38,15.6,14.8,14,13.2,13.2
Botswana,"Total alcohol consumption per capita (liters of pure alcohol, projected estimates, 15+ years of age)",9.05,9.16,9.27,9.39,9.5,9.61,9.41,9.21,9.02,8.82,8.62,8.27,7.92,7.56,7.21,6.86,6.77,6.68,6.59,..
Botswana,Prevalence of current tobacco use (% of adults),33.2,32.26,31.32,30.38,29.44,28.5,27.76,27.02,26.28,25.54,24.8,24.18,23.56,22.94,22.32,21.7,21.07,20.43,19.8,19.8
Brazil,"Total alcohol consumption per capita (liters of pure alcohol, projected estimates, 15+ years of age)",8.78,8.69,8.6,8.5,8.41,8.32,8.35,8.39,8.42,8.46,8.49,8.36,8.24,8.11,7.99,7.86,7.71,7.57,7.42,..
Brazil,Prevalence of current tobacco use (% of adults),23.8,23.12,22.44,21.76,21.08,20.4,19.8,19.2,18.6,18,17.4,16.9,16.4,15.9,15.4,14.9,14.33,13.77,13.2,13.2
Brunei Darussalam,"Total alcohol consumption per capita (liters of pure alcohol, projected estimates, 15+ years of age)",0.23,0.23,0.22,0.22,0.21,0.21,0.27,0.33,0.39,0.45,0.51,0.5,0.49,0.48,0.47,0.46,0.47,0.47,0.48,..
Brunei Darussalam,Prevalence of current tobacco use (% of adults),16.7,16.66,16.62,16.58,16.54,16.5,16.48,16.46,16.44,16.42,16.4,16.38,16.36,16.34,16.32,16.3,16.27,16.23,16.2,16.2
Bulgaria,"Total alcohol consumption per capita (liters of pure alcohol, projected estimates, 15+ years of age)",11.8,11.72,11.65,11.57,11.5,11.42,11.4,11.38,11.36,11.34,11.32,11.52,11.73,11.93,12.14,12.34,12.44,12.55,12.65,..
Bulgaria,Prevalence of current tobacco use (% of adults),47.5,47,46.5,46,45.5,45,44.58,44.16,43.74,43.32,42.9,42.46,42.02,41.58,41.14,40.7,40.27,39.83,39.4,39.4
Burkina Faso,"Total alcohol consumption per capita (liters of pure alcohol, projected estimates, 15+ years of age)",8.4,8.56,8.72,8.87,9.03,9.19,9.07,8.95,8.82,8.7,8.58,9.23,9.88,10.53,11.18,11.83,11.9,11.96,12.03,..
Burkina Faso,Prevalence of current tobacco use (% of adults),29.8,28.78,27.76,26.74,25.72,24.7,23.86,23.02,22.18,21.34,20.5,19.8,19.1,18.4,17.7,17,16.3,15.6,14.9,14.9
Burundi,"Total alcohol consumption per capita (liters of pure alcohol, projected estimates, 15+ years of age)",9.82,9.54,9.27,8.99,8.72,8.44,8.28,8.13,7.97,7.82,7.66,7.53,7.41,7.28,7.16,7.03,7.08,7.14,7.19,..
Burundi,Prevalence of current tobacco use (% of adults),24,23.16,22.32,21.48,20.64,19.8,19.16,18.52,17.88,17.24,16.6,16.06,15.52,14.98,14.44,13.9,13.33,12.77,12.2,12.2
Cabo Verde,"Total alcohol consumption per capita (liters of pure alcohol, projected estimates, 15+ years of age)",6.03,6.21,6.4,6.58,6.77,6.95,7.06,7.17,7.29,7.4,7.51,7.2,6.89,6.57,6.26,5.95,5.83,5.72,5.6,..
Cabo Verde,Prevalence of current tobacco use (% of adults),20.6,20.04,19.48,18.92,18.36,17.8,17.28,16.76,16.24,15.72,15.2,14.78,14.36,13.94,13.52,13.1,12.63,12.17,11.7,11.7
Cambodia,"Total alcohol consumption per capita (liters of pure alcohol, projected estimates, 15+ years of age)",1.87,2.03,2.2,2.36,2.53,2.69,3.13,3.58,4.02,4.47,4.91,5.2,5.49,5.79,6.08,6.37,6.46,6.55,6.64,..
Cambodia,Prevalence of current tobacco use (% of adults),42.3,41.04,39.78,38.52,37.26,36,34.82,33.64,32.46,31.28,30.1,29.12,28.14,27.16,26.18,25.2,24.1,23,21.9,21.9
Cameroon,"Total alcohol consumption per capita (liters of pure alcohol, projected estimates, 15+ years of age)",6.69,6.88,7.06,7.25,7.43,7.62,7.78,7.94,8.11,8.27,8.43,7.98,7.53,7.07,6.62,6.17,6,5.82,5.65,..
Cameroon,Prevalence of current tobacco use (% of adults),12.8,12.48,12.16,11.84,11.52,11.2,10.9,10.6,10.3,10,9.7,9.44,9.18,8.92,8.66,8.4,8.1,7.8,7.5,7.5
Canada,"Total alcohol consumption per capita (liters of pure alcohol, projected estimates, 15+ years of age)",..,#VALUE!,#VALUE!,#VALUE!,#VALUE!,..,#VALUE!,#VALUE!,#VALUE!,#VALUE!,10.1,9.86,9.61,9.37,9.12,8.88,8.9,8.92,8.94,..
Canada,Prevalence of current tobacco use (% of adults),28.4,27.38,26.36,25.34,24.32,23.3,22.5,21.7,20.9,20.1,19.3,18.6,17.9,17.2,16.5,15.8,15.07,14.33,13.6,13.6
Central African Republic,"Total alcohol consumption per capita (liters of pure alcohol, projected estimates, 15+ years of age)",3.68,3.67,3.66,3.64,3.63,3.62,3.69,3.76,3.84,3.91,3.98,3.67,3.36,3.05,2.74,2.43,2.41,2.4,2.38,..
Central African Republic,Prevalence of current tobacco use (% of adults),..,#VALUE!,#VALUE!,#VALUE!,#VALUE!,..,#VALUE!,#VALUE!,#VALUE!,#VALUE!,..,#VALUE!,#VALUE!,#VALUE!,#VALUE!,..,#VALUE!,#VALUE!,..,..
Chad,"Total alcohol consumption per capita (liters of pure alcohol, projected estimates, 15+ years of age)",4.34,4.4,4.45,4.51,4.56,4.62,5.01,5.4,5.8,6.19,6.58,5.55,4.53,3.5,2.48,1.45,1.42,1.4,1.37,..
Chad,Prevalence of current tobacco use (% of adults),13.9,13.56,13.22,12.88,12.54,12.2,11.9,11.6,11.3,11,10.7,10.44,10.18,9.92,9.66,9.4,9.1,8.8,8.5,8.5
Chile,"Total alcohol consumption per capita (liters of pure alcohol, projected estimates, 15+ years of age)",7.74,7.98,8.22,8.45,8.69,8.93,9.01,9.08,9.16,9.23,9.31,9.3,9.29,9.28,9.27,9.26,9.2,9.13,9.07,..
Chile,Prevalence of current tobacco use (% of adults),46.9,45.86,44.82,43.78,42.74,41.7,40.78,39.86,38.94,38.02,37.1,36.26,35.42,34.58,33.74,32.9,31.9,30.9,29.9,29.9
China,"Total alcohol consumption per capita (liters of pure alcohol, projected estimates, 15+ years of age)",3.81,3.85,3.89,3.94,3.98,4.02,4.63,5.24,5.85,6.46,7.07,7.09,7.1,7.12,7.13,7.15,7.12,7.08,7.05,..
China,Prevalence of current tobacco use (% of adults),26.7,26.68,26.66,26.64,26.62,26.6,26.52,26.44,26.36,26.28,26.2,26.14,26.08,26.02,25.96,25.9,25.83,25.77,25.7,25.7
Colombia,"Total alcohol consumption per capita (liters of pure alcohol, projected estimates, 15+ years of age)",5.58,5.55,5.51,5.48,5.44,5.41,5.34,5.26,5.19,5.11,5.04,5.19,5.34,5.48,5.63,5.78,5.77,5.75,5.74,..
Colombia,Prevalence of current tobacco use (% of adults),15.1,14.72,14.34,13.96,13.58,13.2,12.84,12.48,12.12,11.76,11.4,11.1,10.8,10.5,10.2,9.9,9.53,9.17,8.8,8.8
Congo,"Total alcohol consumption per capita (liters of pure alcohol, projected estimates, 15+ years of age)",3.45,3.51,3.57,3.63,3.69,3.75,4.23,4.72,5.2,5.69,6.17,6.52,6.86,7.21,7.55,7.9,8.36,8.81,9.27,..
Congo,Prevalence of current tobacco use (% of adults),11.9,11.96,12.02,12.08,12.14,12.2,12.32,12.44,12.56,12.68,12.8,12.94,13.08,13.22,13.36,13.5,13.77,14.03,14.3,14.3
Costa Rica,"Total alcohol consumption per capita (liters of pure alcohol, projected estimates, 15+ years of age)",5.55,5.52,5.5,5.47,5.45,5.42,5.3,5.17,5.05,4.92,4.8,4.79,4.78,4.78,4.77,4.76,4.8,4.83,4.87,..
Costa Rica,Prevalence of current tobacco use (% of adults),18,17.4,16.8,16.2,15.6,15,14.52,14.04,13.56,13.08,12.6,12.18,11.76,11.34,10.92,10.5,10.03,9.57,9.1,9.1
Côte d'Ivoire,"Total alcohol consumption per capita (liters of pure alcohol, projected estimates, 15+ years of age)",7.25,6.46,5.67,4.88,4.09,3.3,3.15,2.99,2.84,2.68,2.53,2.55,2.56,2.58,2.59,2.61,2.64,2.68,2.71,..
Côte d'Ivoire,Prevalence of current tobacco use (% of adults),18.7,18.12,17.54,16.96,16.38,15.8,15.28,14.76,14.24,13.72,13.2,12.78,12.36,11.94,11.52,11.1,10.63,10.17,9.7,9.7
Croatia,"Total alcohol consumption per capita (liters of pure alcohol, projected estimates, 15+ years of age)",12.45,12.02,11.59,11.17,10.74,10.31,10.26,10.22,10.17,10.13,10.08,9.88,9.68,9.47,9.27,9.07,9.12,9.18,9.23,..
Croatia,Prevalence of current tobacco use (% of adults),34.4,34.5,34.6,34.7,34.8,34.9,35,35.1,35.2,35.3,35.4,35.54,35.68,35.82,35.96,36.1,36.3,36.5,36.7,36.7
Cuba,"Total alcohol consumption per capita (liters of pure alcohol, projected estimates, 15+ years of age)",4.98,5.06,5.13,5.21,5.28,5.36,5.29,5.22,5.16,5.09,5.02,5.15,5.28,5.41,5.54,5.67,5.72,5.78,5.83,..
Cuba,Prevalence of current tobacco use (% of adults),40.8,39.28,37.76,36.24,34.72,33.2,31.96,30.72,29.48,28.24,27,26,25,24,23,22,20.9,19.8,18.7,18.7
Cyprus,"Total alcohol consumption per capita (liters of pure alcohol, projected estimates, 15+ years of age)",10.86,11.17,11.49,11.8,12.12,12.43,12.21,12,11.78,11.57,11.35,11.23,11.11,11,10.88,10.76,10.78,10.79,10.81,..
Cyprus,Prevalence of current tobacco use (% of adults),40.9,40.56,40.22,39.88,39.54,39.2,38.9,38.6,38.3,38,37.7,37.44,37.18,36.92,36.66,36.4,36.1,35.8,35.5,35.5
Czechia,"Total alcohol consumption per capita (liters of pure alcohol, projected estimates, 15+ years of age)",15,14.95,14.9,14.86,14.81,14.76,14.62,14.48,14.34,14.2,14.06,14.1,14.14,14.17,14.21,14.25,14.32,14.38,14.45,..
Czechia,Prevalence of current tobacco use (% of adults),34.2,34.04,33.88,33.72,33.56,33.4,33.18,32.96,32.74,32.52,32.3,32.12,31.94,31.76,31.58,31.4,31.23,31.07,30.9,30.9
Democratic Republic of the Congo,"Total alcohol consumption per capita (liters of pure alcohol, projected estimates, 15+ years of age)",0.95,0.93,0.91,0.9,0.88,0.86,1.04,1.22,1.39,1.57,1.75,1.81,1.87,1.93,1.99,2.05,2.03,2.02,2,..
Democratic Republic of the Congo,Prevalence of current tobacco use (% of adults),18.8,18.42,18.04,17.66,17.28,16.9,16.6,16.3,16,15.7,15.4,15.12,14.84,14.56,14.28,14,13.67,13.33,13,13
Denmark,"Total alcohol consumption per capita (liters of pure alcohol, projected estimates, 15+ years of age)",12.67,12.59,12.52,12.44,12.37,12.29,12.03,11.77,11.52,11.26,11,10.87,10.74,10.62,10.49,10.36,10.33,10.29,10.26,..
Denmark,Prevalence of current tobacco use (% of adults),37.3,36,34.7,33.4,32.1,30.8,29.74,28.68,27.62,26.56,25.5,24.62,23.74,22.86,21.98,21.1,20.1,19.1,18.1,18.1
Djibouti,"Total alcohol consumption per capita (liters of pure alcohol, projected estimates, 15+ years of age)",1.62,1.55,1.48,1.42,1.35,1.28,1.16,1.04,0.91,0.79,0.67,0.63,0.6,0.56,0.53,0.49,0.47,0.45,0.43,..
Djibouti,Prevalence of current tobacco use (% of adults),..,#VALUE!,#VALUE!,#VALUE!,#VALUE!,..,#VALUE!,#VALUE!,#VALUE!,#VALUE!,..,#VALUE!,#VALUE!,#VALUE!,#VALUE!,..,#VALUE!,#VALUE!,..,..
Dominican Republic,"Total alcohol consumption per capita (liters of pure alcohol, projected estimates, 15+ years of age)",7.19,6.98,6.77,6.57,6.36,6.15,6.14,6.13,6.13,6.12,6.11,6.21,6.31,6.41,6.51,6.61,6.63,6.66,6.68,..
Dominican Republic,Prevalence of current tobacco use (% of adults),18.7,18.18,17.66,17.14,16.62,16.1,15.66,15.22,14.78,14.34,13.9,13.56,13.22,12.88,12.54,12.2,11.77,11.33,10.9,10.9
Ecuador,"Total alcohol consumption per capita (liters of pure alcohol, projected estimates, 15+ years of age)",5.96,5.93,5.9,5.87,5.84,5.81,5.88,5.95,6.02,6.09,6.16,5.92,5.69,5.45,5.22,4.98,4.72,4.46,4.2,..
Ecuador,Prevalence of current tobacco use (% of adults),18.4,17.96,17.52,17.08,16.64,16.2,15.86,15.52,15.18,14.84,14.5,14.16,13.82,13.48,13.14,12.8,12.4,12,11.6,11.6
Egypt,"Total alcohol consumption per capita (liters of pure alcohol, projected estimates, 15+ years of age)",0.25,0.26,0.27,0.27,0.28,0.29,0.3,0.32,0.33,0.35,0.36,0.37,0.38,0.38,0.39,0.4,0.39,0.37,0.36,..
Egypt,Prevalence of current tobacco use (% of adults),24.3,24.26,24.22,24.18,24.14,24.1,24.14,24.18,24.22,24.26,24.3,24.3,24.3,24.3,24.3,24.3,24.33,24.37,24.4,24.4
El Salvador,"Total alcohol consumption per capita (liters of pure alcohol, projected estimates, 15+ years of age)",3.86,3.85,3.84,3.82,3.81,3.8,3.7,3.6,3.51,3.41,3.31,3.37,3.42,3.48,3.53,3.59,3.69,3.79,3.89,..
El Salvador,Prevalence of current tobacco use (% of adults),15.9,15.4,14.9,14.4,13.9,13.4,12.98,12.56,12.14,11.72,11.3,10.94,10.58,10.22,9.86,9.5,9.1,8.7,8.3,8.3
Equatorial Guinea,"Total alcohol consumption per capita (liters of pure alcohol, projected estimates, 15+ years of age)",7.45,7.74,8.03,8.33,8.62,8.91,8.97,9.03,9.08,9.14,9.2,9.18,9.15,9.13,9.1,9.08,8.46,7.85,7.23,..
Equatorial Guinea,Prevalence of current tobacco use (% of adults),..,#VALUE!,#VALUE!,#VALUE!,#VALUE!,..,#VALUE!,#VALUE!,#VALUE!,#VALUE!,..,#VALUE!,#VALUE!,#VALUE!,#VALUE!,..,#VALUE!,#VALUE!,..,..
Estonia,"Total alcohol consumption per capita (liters of pure alcohol, projected estimates, 15+ years of age)",9.57,10.79,12,13.22,14.43,15.65,15,14.35,13.69,13.04,12.39,12.39,12.39,12.39,12.39,12.39,11.34,10.28,9.23,..
Estonia,Prevalence of current tobacco use (% of adults),46,45.12,44.24,43.36,42.48,41.6,40.72,39.84,38.96,38.08,37.2,36.42,35.64,34.86,34.08,33.3,32.37,31.43,30.5,30.5
Eswatini,"Total alcohol consumption per capita (liters of pure alcohol, projected estimates, 15+ years of age)",7.46,7.31,7.16,7.01,6.86,6.71,6.73,6.75,6.78,6.8,6.82,7.42,8.03,8.63,9.24,9.84,9.91,9.97,10.04,..
Eswatini,Prevalence of current tobacco use (% of adults),12.3,12.12,11.94,11.76,11.58,11.4,11.22,11.04,10.86,10.68,10.5,10.36,10.22,10.08,9.94,9.8,9.63,9.47,9.3,9.3
Ethiopia,"Total alcohol consumption per capita (liters of pure alcohol, projected estimates, 15+ years of age)",1.76,1.82,1.88,1.93,1.99,2.05,2.14,2.23,2.32,2.41,2.5,2.44,2.38,2.31,2.25,2.19,2.25,2.3,2.36,..
Ethiopia,Prevalence of current tobacco use (% of adults),6.8,6.7,6.6,6.5,6.4,6.3,6.22,6.14,6.06,5.98,5.9,5.82,5.74,5.66,5.58,5.5,5.4,5.3,5.2,5.2
Fiji,"Total alcohol consumption per capita (liters of pure alcohol, projected estimates, 15+ years of age)",3.24,3.15,3.06,2.96,2.87,2.78,2.82,2.87,2.91,2.96,3,3.07,3.13,3.2,3.26,3.33,3.33,3.32,3.32,..
Fiji,Prevalence of current tobacco use (% of adults),32.3,31.78,31.26,30.74,30.22,29.7,29.24,28.78,28.32,27.86,27.4,26.94,26.48,26.02,25.56,25.1,24.53,23.97,23.4,23.4
Finland,"Total alcohol consumption per capita (liters of pure alcohol, projected estimates, 15+ years of age)",11.69,11.97,12.26,12.54,12.83,13.11,13.01,12.9,12.8,12.69,12.59,12.31,12.03,11.74,11.46,11.18,11.05,10.91,10.78,..
Finland,Prevalence of current tobacco use (% of adults),35.7,34.84,33.98,33.12,32.26,31.4,30.68,29.96,29.24,28.52,27.8,27.14,26.48,25.82,25.16,24.5,23.73,22.97,22.2,22.2
France,"Total alcohol consumption per capita (liters of pure alcohol, projected estimates, 15+ years of age)",14.08,13.88,13.68,13.49,13.29,13.09,12.95,12.81,12.68,12.54,12.4,12.45,12.5,12.54,12.59,12.64,12.54,12.43,12.33,..
France,Prevalence of current tobacco use (% of adults),34.2,34.18,34.16,34.14,34.12,34.1,34.04,33.98,33.92,33.86,33.8,33.78,33.76,33.74,33.72,33.7,33.67,33.63,33.6,33.6
Gabon,"Total alcohol consumption per capita (liters of pure alcohol, projected estimates, 15+ years of age)",10.59,10.34,10.1,9.85,9.61,9.36,9.47,9.57,9.68,9.78,9.89,9.83,9.76,9.7,9.63,9.57,9.29,9.02,8.74,..
Gabon,Prevalence of current tobacco use (% of adults),..,#VALUE!,#VALUE!,#VALUE!,#VALUE!,..,#VALUE!,#VALUE!,#VALUE!,#VALUE!,..,#VALUE!,#VALUE!,#VALUE!,#VALUE!,..,#VALUE!,#VALUE!,..,..
Gambia,"Total alcohol consumption per capita (liters of pure alcohol, projected estimates, 15+ years of age)",4.14,4.17,4.19,4.22,4.24,4.27,4.18,4.09,3.99,3.9,3.81,3.78,3.75,3.73,3.7,3.67,3.63,3.59,3.55,..
Gambia,Prevalence of current tobacco use (% of adults),22.5,21.76,21.02,20.28,19.54,18.8,18.2,17.6,17,16.4,15.8,15.3,14.8,14.3,13.8,13.3,12.73,12.17,11.6,11.6
Georgia,"Total alcohol consumption per capita (liters of pure alcohol, projected estimates, 15+ years of age)",4.41,4.81,5.2,5.6,5.99,6.39,7.05,7.7,8.36,9.01,9.67,9.66,9.65,9.63,9.62,9.61,9.16,8.7,8.25,..
Georgia,Prevalence of current tobacco use (% of adults),32.8,32.76,32.72,32.68,32.64,32.6,32.52,32.44,32.36,32.28,32.2,32.16,32.12,32.08,32.04,32,31.9,31.8,31.7,31.7
Germany,"Total alcohol consumption per capita (liters of pure alcohol, projected estimates, 15+ years of age)",14.16,13.98,13.81,13.63,13.46,13.28,13.15,13.02,12.9,12.77,12.64,12.72,12.81,12.89,12.98,13.06,13.01,12.96,12.91,..
Germany,Prevalence of current tobacco use (% of adults),36.4,35.54,34.68,33.82,32.96,32.1,31.34,30.58,29.82,29.06,28.3,27.62,26.94,26.26,25.58,24.9,24.1,23.3,22.5,22.5
Ghana,"Total alcohol consumption per capita (liters of pure alcohol, projected estimates, 15+ years of age)",5.3,4.99,4.69,4.38,4.08,3.77,3.87,3.97,4.06,4.16,4.26,4.03,3.8,3.58,3.35,3.12,3,2.87,2.75,..
Ghana,Prevalence of current tobacco use (% of adults),7,6.78,6.56,6.34,6.12,5.9,5.7,5.5,5.3,5.1,4.9,4.76,4.62,4.48,4.34,4.2,4,3.8,3.6,3.6
Greece,"Total alcohol consumption per capita (liters of pure alcohol, projected estimates, 15+ years of age)",10.18,10.29,10.4,10.51,10.62,10.73,10.52,10.31,10.09,9.88,9.67,9.83,10,10.16,10.33,10.49,10.39,10.28,10.18,..
Greece,Prevalence of current tobacco use (% of adults),54.9,53.62,52.34,51.06,49.78,48.5,47.38,46.26,45.14,44.02,42.9,41.9,40.9,39.9,38.9,37.9,36.77,35.63,34.5,34.5
Grenada,"Total alcohol consumption per capita (liters of pure alcohol, projected estimates, 15+ years of age)",9.8,9.59,9.38,9.18,8.97,8.76,8.67,8.58,8.49,8.4,8.31,8.46,8.61,8.77,8.92,9.07,9.21,9.34,9.48,..
Grenada,Prevalence of current tobacco use (% of adults),..,#VALUE!,#VALUE!,#VALUE!,#VALUE!,..,#VALUE!,#VALUE!,#VALUE!,#VALUE!,..,#VALUE!,#VALUE!,#VALUE!,#VALUE!,..,#VALUE!,#VALUE!,..,..
Guatemala,"Total alcohol consumption per capita (liters of pure alcohol, projected estimates, 15+ years of age)",4.4,4.38,4.36,4.33,4.31,4.29,4.13,3.98,3.82,3.67,3.51,3.32,3.13,2.93,2.74,2.55,2.52,2.48,2.45,..
Guatemala,Prevalence of current tobacco use (% of adults),14.3,14.12,13.94,13.76,13.58,13.4,13.22,13.04,12.86,12.68,12.5,12.32,12.14,11.96,11.78,11.6,11.4,11.2,11,11
Guinea,"Total alcohol consumption per capita (liters of pure alcohol, projected estimates, 15+ years of age)",0.67,0.69,0.71,0.73,0.75,0.77,0.76,0.74,0.73,0.71,0.7,0.77,0.85,0.92,1,1.07,1.08,1.1,1.11,..
Guinea,Prevalence of current tobacco use (% of adults),..,#VALUE!,#VALUE!,#VALUE!,#VALUE!,..,#VALUE!,#VALUE!,#VALUE!,#VALUE!,..,#VALUE!,#VALUE!,#VALUE!,#VALUE!,..,#VALUE!,#VALUE!,..,..
Guinea-Bissau,"Total alcohol consumption per capita (liters of pure alcohol, projected estimates, 15+ years of age)",4.15,4.38,4.61,4.85,5.08,5.31,5.14,4.97,4.81,4.64,4.47,4.59,4.7,4.82,4.93,5.05,5.16,5.27,5.38,..
Guinea-Bissau,Prevalence of current tobacco use (% of adults),18,17.4,16.8,16.2,15.6,15,14.54,14.08,13.62,13.16,12.7,12.3,11.9,11.5,11.1,10.7,10.23,9.77,9.3,9.3
Guyana,"Total alcohol consumption per capita (liters of pure alcohol, projected estimates, 15+ years of age)",8.98,8.78,8.58,8.38,8.18,7.98,7.74,7.5,7.26,7.02,6.78,6.89,7.01,7.12,7.24,7.35,7.2,7.04,6.89,..
Guyana,Prevalence of current tobacco use (% of adults),30.2,28.98,27.76,26.54,25.32,24.1,23.1,22.1,21.1,20.1,19.1,18.3,17.5,16.7,15.9,15.1,14.27,13.43,12.6,12.6
Haiti,"Total alcohol consumption per capita (liters of pure alcohol, projected estimates, 15+ years of age)",3.97,3.95,3.93,3.9,3.88,3.86,3.69,3.51,3.34,3.16,2.99,2.93,2.87,2.81,2.75,2.69,2.7,2.72,2.73,..
Haiti,Prevalence of current tobacco use (% of adults),12.3,12.02,11.74,11.46,11.18,10.9,10.66,10.42,10.18,9.94,9.7,9.48,9.26,9.04,8.82,8.6,8.37,8.13,7.9,7.9
Honduras,"Total alcohol consumption per capita (liters of pure alcohol, projected estimates, 15+ years of age)",3.5,3.58,3.65,3.73,3.8,3.88,3.82,3.76,3.71,3.65,3.59,3.57,3.55,3.53,3.51,3.49,3.58,3.67,3.76,..
Honduras,Prevalence of current tobacco use (% of adults),..,#VALUE!,#VALUE!,#VALUE!,#VALUE!,..,#VALUE!,#VALUE!,#VALUE!,#VALUE!,..,#VALUE!,#VALUE!,#VALUE!,#VALUE!,..,#VALUE!,#VALUE!,..,..
Hungary,"Total alcohol consumption per capita (liters of pure alcohol, projected estimates, 15+ years of age)",14.27,14.33,14.39,14.44,14.5,14.56,14.07,13.57,13.08,12.58,12.09,11.99,11.89,11.8,11.7,11.6,11.52,11.43,11.35,..
Hungary,Prevalence of current tobacco use (% of adults),37.4,37.1,36.8,36.5,36.2,35.9,35.64,35.38,35.12,34.86,34.6,34.32,34.04,33.76,33.48,33.2,32.87,32.53,32.2,32.2
Iceland,"Total alcohol consumption per capita (liters of pure alcohol, projected estimates, 15+ years of age)",7.03,7.17,7.31,7.46,7.6,7.74,7.69,7.64,7.6,7.55,7.5,7.75,8,8.24,8.49,8.74,8.87,8.99,9.12,..
Iceland,Prevalence of current tobacco use (% of adults),30.2,28.96,27.72,26.48,25.24,24,23.02,22.04,21.06,20.08,19.1,18.32,17.54,16.76,15.98,15.2,14.33,13.47,12.6,12.6
India,"Total alcohol consumption per capita (liters of pure alcohol, projected estimates, 15+ years of age)",2.28,2.29,2.3,2.31,2.32,2.33,2.73,3.14,3.54,3.95,4.35,4.59,4.83,5.06,5.3,5.54,5.54,5.54,5.54,..
India,Prevalence of current tobacco use (% of adults),54.5,52.7,50.9,49.1,47.3,45.5,44.02,42.54,41.06,39.58,38.1,36.92,35.74,34.56,33.38,32.2,30.83,29.47,28.1,28.1
Indonesia,"Total alcohol consumption per capita (liters of pure alcohol, projected estimates, 15+ years of age)",0.5,0.5,0.49,0.49,0.48,0.48,0.5,0.52,0.55,0.57,0.59,0.59,0.59,0.6,0.6,0.6,0.59,0.58,0.57,..
Indonesia,Prevalence of current tobacco use (% of adults),35.4,35.48,35.56,35.64,35.72,35.8,35.9,36,36.1,36.2,36.3,36.38,36.46,36.54,36.62,36.7,36.87,37.03,37.2,37.2
Iran,"Total alcohol consumption per capita (liters of pure alcohol, projected estimates, 15+ years of age)",0.21,0.28,0.36,0.43,0.51,0.58,0.67,0.75,0.84,0.92,1.01,1.01,1.01,1.01,1.01,1.01,1.02,1.02,1.03,..
Iran,Prevalence of current tobacco use (% of adults),21.5,21,20.5,20,19.5,19,18.6,18.2,17.8,17.4,17,16.66,16.32,15.98,15.64,15.3,14.87,14.43,14,14
Ireland,"Total alcohol consumption per capita (liters of pure alcohol, projected estimates, 15+ years of age)",15.13,14.94,14.76,14.57,14.39,14.2,13.77,13.35,12.92,12.5,12.07,12.15,12.23,12.31,12.39,12.47,12.61,12.74,12.88,..
Ireland,Prevalence of current tobacco use (% of adults),35.6,34.72,33.84,32.96,32.08,31.2,30.38,29.56,28.74,27.92,27.1,26.44,25.78,25.12,24.46,23.8,23,22.2,21.4,21.4
Israel,"Total alcohol consumption per capita (liters of pure alcohol, projected estimates, 15+ years of age)",3.08,3,2.93,2.85,2.78,2.7,2.78,2.87,2.95,3.04,3.12,3.27,3.42,3.56,3.71,3.86,3.98,4.09,4.21,..
Israel,Prevalence of current tobacco use (% of adults),31.7,31.08,30.46,29.84,29.22,28.6,28.06,27.52,26.98,26.44,25.9,25.4,24.9,24.4,23.9,23.4,22.8,22.2,21.6,21.6
Italy,"Total alcohol consumption per capita (liters of pure alcohol, projected estimates, 15+ years of age)",10.37,10.18,9.99,9.79,9.6,9.41,9,8.58,8.17,7.75,7.34,7.39,7.44,7.49,7.54,7.59,7.67,7.76,7.84,..
Italy,Prevalence of current tobacco use (% of adults),26.2,26.02,25.84,25.66,25.48,25.3,25.14,24.98,24.82,24.66,24.5,24.36,24.22,24.08,23.94,23.8,23.63,23.47,23.3,23.3
Jamaica,"Total alcohol consumption per capita (liters of pure alcohol, projected estimates, 15+ years of age)",4.91,4.81,4.72,4.62,4.53,4.43,4.42,4.41,4.4,4.39,4.38,4.34,4.3,4.27,4.23,4.19,4.2,4.21,4.22,..
Jamaica,Prevalence of current tobacco use (% of adults),17.4,16.9,16.4,15.9,15.4,14.9,14.48,14.06,13.64,13.22,12.8,12.44,12.08,11.72,11.36,11,10.57,10.13,9.7,9.7
Japan,"Total alcohol consumption per capita (liters of pure alcohol, projected estimates, 15+ years of age)",8.23,8.18,8.13,8.09,8.04,7.99,7.83,7.67,7.52,7.36,7.2,7.33,7.47,7.6,7.74,7.87,7.9,7.93,7.96,..
Japan,Prevalence of current tobacco use (% of adults),33.3,32.52,31.74,30.96,30.18,29.4,28.68,27.96,27.24,26.52,25.8,25.18,24.56,23.94,23.32,22.7,21.97,21.23,20.5,20.5
Jordan,"Total alcohol consumption per capita (liters of pure alcohol, projected estimates, 15+ years of age)",0.62,0.63,0.64,0.64,0.65,0.66,0.66,0.65,0.65,0.64,0.64,0.65,0.66,0.67,0.68,0.69,0.69,0.69,0.69,..
Jordan,Prevalence of current tobacco use (% of adults),30.7,30.9,31.1,31.3,31.5,31.7,31.88,32.06,32.24,32.42,32.6,32.82,33.04,33.26,33.48,33.7,34,34.3,34.6,34.6
Kazakhstan,"Total alcohol consumption per capita (liters of pure alcohol, projected estimates, 15+ years of age)",8.18,8.41,8.64,8.87,9.1,9.33,8.46,7.59,6.71,5.84,4.97,4.91,4.85,4.78,4.72,4.66,4.69,4.73,4.76,..
Kazakhstan,Prevalence of current tobacco use (% of adults),34.2,33.54,32.88,32.22,31.56,30.9,30.34,29.78,29.22,28.66,28.1,27.56,27.02,26.48,25.94,25.4,24.77,24.13,23.5,23.5
Kenya,"Total alcohol consumption per capita (liters of pure alcohol, projected estimates, 15+ years of age)",3.83,3.67,3.5,3.34,3.17,3.01,3.07,3.12,3.18,3.23,3.29,3.19,3.08,2.98,2.87,2.77,2.77,2.78,2.78,..
Kenya,Prevalence of current tobacco use (% of adults),19.3,18.8,18.3,17.8,17.3,16.8,16.38,15.96,15.54,15.12,14.7,14.32,13.94,13.56,13.18,12.8,12.37,11.93,11.5,11.5
Kiribati,"Total alcohol consumption per capita (liters of pure alcohol, projected estimates, 15+ years of age)",1.96,2,2.04,2.08,2.12,2.16,2.06,1.96,1.85,1.75,1.65,1.42,1.2,0.97,0.75,0.52,0.5,0.48,0.46,..
Kiribati,Prevalence of current tobacco use (% of adults),68.5,66.88,65.26,63.64,62.02,60.4,58.86,57.32,55.78,54.24,52.7,51.44,50.18,48.92,47.66,46.4,44.83,43.27,41.7,41.7
Kuwait,"Total alcohol consumption per capita (liters of pure alcohol, projected estimates, 15+ years of age)",0.04,0.03,0.03,0.03,0.02,0.02,0.02,0.02,0.03,0.03,0.03,0.03,0.02,0.01,0.01,0,0,0,0,..
Kuwait,Prevalence of current tobacco use (% of adults),20,19.9,19.8,19.7,19.6,19.5,19.38,19.26,19.14,19.02,18.9,18.78,18.66,18.54,18.42,18.3,18.17,18.03,17.9,17.9
Kyrgyz Republic,"Total alcohol consumption per capita (liters of pure alcohol, projected estimates, 15+ years of age)",9.45,9.8,10.15,10.49,10.84,11.19,10.97,10.75,10.52,10.3,10.08,9.58,9.08,8.59,8.09,7.59,7.15,6.7,6.26,..
Kyrgyz Republic,Prevalence of current tobacco use (% of adults),31.4,31.18,30.96,30.74,30.52,30.3,30.12,29.94,29.76,29.58,29.4,29.2,29,28.8,28.6,28.4,28.13,27.87,27.6,27.6
Lao People's Democratic Republic,"Total alcohol consumption per capita (liters of pure alcohol, projected estimates, 15+ years of age)",4.66,4.6,4.54,4.49,4.43,4.37,4.92,5.46,6.01,6.55,7.1,7.69,8.28,8.87,9.46,10.05,10.27,10.5,10.72,..
Lao People's Democratic Republic,Prevalence of current tobacco use (% of adults),52.5,51.24,49.98,48.72,47.46,46.2,45.06,43.92,42.78,41.64,40.5,39.56,38.62,37.68,36.74,35.8,34.7,33.6,32.5,32.5
Latvia,"Total alcohol consumption per capita (liters of pure alcohol, projected estimates, 15+ years of age)",8.76,9.4,10.04,10.68,11.32,11.96,11.89,11.83,11.76,11.7,11.63,11.83,12.03,12.24,12.44,12.64,12.68,12.73,12.77,..
Latvia,Prevalence of current tobacco use (% of adults),43.8,43.42,43.04,42.66,42.28,41.9,41.54,41.18,40.82,40.46,40.1,39.78,39.46,39.14,38.82,38.5,38.07,37.63,37.2,37.2
Lebanon,"Total alcohol consumption per capita (liters of pure alcohol, projected estimates, 15+ years of age)",2.96,2.83,2.7,2.57,2.44,2.31,2.24,2.16,2.09,2.01,1.94,1.88,1.82,1.77,1.71,1.65,1.67,1.69,1.71,..
Lebanon,Prevalence of current tobacco use (% of adults),40.2,40.1,40,39.9,39.8,39.7,39.58,39.46,39.34,39.22,39.1,39.02,38.94,38.86,38.78,38.7,38.6,38.5,38.4,38.4
Lesotho,"Total alcohol consumption per capita (liters of pure alcohol, projected estimates, 15+ years of age)",7.31,6.92,6.53,6.15,5.76,5.37,5.6,5.82,6.05,6.27,6.5,6.16,5.82,5.48,5.14,4.8,4.73,4.66,4.59,..
Lesotho,Prevalence of current tobacco use (% of adults),31.1,30.66,30.22,29.78,29.34,28.9,28.56,28.22,27.88,27.54,27.2,26.88,26.56,26.24,25.92,25.6,25.2,24.8,24.4,24.4
Liberia,"Total alcohol consumption per capita (liters of pure alcohol, projected estimates, 15+ years of age)",6.38,6.31,6.25,6.18,6.12,6.05,5.91,5.78,5.64,5.51,5.37,5.44,5.5,5.57,5.63,5.7,5.84,5.98,6.12,..
Liberia,Prevalence of current tobacco use (% of adults),16.3,15.76,15.22,14.68,14.14,13.6,13.18,12.76,12.34,11.92,11.5,11.12,10.74,10.36,9.98,9.6,9.2,8.8,8.4,8.4
Libya,"Total alcohol consumption per capita (liters of pure alcohol, projected estimates, 15+ years of age)",0.06,0.07,0.07,0.08,0.08,0.08,0.09,0.09,0.09,0.1,0.1,0.08,0.07,0.06,0.04,0.03,0.03,0.02,0.02,..
Libya,Prevalence of current tobacco use (% of adults),..,#VALUE!,#VALUE!,#VALUE!,#VALUE!,..,#VALUE!,#VALUE!,#VALUE!,#VALUE!,..,#VALUE!,#VALUE!,#VALUE!,#VALUE!,..,#VALUE!,#VALUE!,..,..
Lithuania,"Total alcohol consumption per capita (liters of pure alcohol, projected estimates, 15+ years of age)",13.36,13.91,14.46,15,15.55,16.1,15.93,15.76,15.59,15.42,15.25,15.28,15.3,15.33,15.35,15.38,14.66,13.94,13.22,..
Lithuania,Prevalence of current tobacco use (% of adults),41.4,40.9,40.4,39.9,39.4,38.9,38.4,37.9,37.4,36.9,36.4,35.92,35.44,34.96,34.48,34,33.43,32.87,32.3,32.3
Luxembourg,"Total alcohol consumption per capita (liters of pure alcohol, projected estimates, 15+ years of age)",14.32,14.17,14.02,13.88,13.73,13.58,13.46,13.34,13.22,13.1,12.98,13.02,13.06,13.1,13.14,13.18,13.1,13.02,12.94,..
Luxembourg,Prevalence of current tobacco use (% of adults),31,30.44,29.88,29.32,28.76,28.2,27.68,27.16,26.64,26.12,25.6,25.12,24.64,24.16,23.68,23.2,22.67,22.13,21.6,21.6
Madagascar,"Total alcohol consumption per capita (liters of pure alcohol, projected estimates, 15+ years of age)",2.11,1.99,1.88,1.76,1.65,1.53,1.6,1.67,1.73,1.8,1.87,1.87,1.87,1.88,1.88,1.88,1.91,1.94,1.97,..
Madagascar,Prevalence of current tobacco use (% of adults),46.7,45.5,44.3,43.1,41.9,40.7,39.64,38.58,37.52,36.46,35.4,34.58,33.76,32.94,32.12,31.3,30.33,29.37,28.4,28.4
Malawi,"Total alcohol consumption per capita (liters of pure alcohol, projected estimates, 15+ years of age)",2.42,2.51,2.6,2.69,2.78,2.87,2.94,3.01,3.07,3.14,3.21,3.29,3.37,3.46,3.54,3.62,3.62,3.63,3.63,..
Malawi,Prevalence of current tobacco use (% of adults),24.1,23.18,22.26,21.34,20.42,19.5,18.8,18.1,17.4,16.7,16,15.42,14.84,14.26,13.68,13.1,12.5,11.9,11.3,11.3
Malaysia,"Total alcohol consumption per capita (liters of pure alcohol, projected estimates, 15+ years of age)",1.53,1.48,1.43,1.38,1.33,1.28,1.29,1.3,1.3,1.31,1.32,1.23,1.13,1.04,0.94,0.85,0.85,0.85,0.85,..
Malaysia,Prevalence of current tobacco use (% of adults),29.5,29.1,28.7,28.3,27.9,27.5,27.12,26.74,26.36,25.98,25.6,25.26,24.92,24.58,24.24,23.9,23.53,23.17,22.8,22.8
Mali,"Total alcohol consumption per capita (liters of pure alcohol, projected estimates, 15+ years of age)",1.15,1.13,1.11,1.09,1.07,1.05,1.06,1.07,1.07,1.08,1.09,1.12,1.15,1.19,1.22,1.25,1.26,1.27,1.28,..
Mali,Prevalence of current tobacco use (% of adults),16.3,15.8,15.3,14.8,14.3,13.8,13.36,12.92,12.48,12.04,11.6,11.26,10.92,10.58,10.24,9.9,9.47,9.03,8.6,8.6
Malta,"Total alcohol consumption per capita (liters of pure alcohol, projected estimates, 15+ years of age)",5.72,5.91,6.09,6.28,6.46,6.65,6.64,6.62,6.61,6.59,6.58,6.78,6.97,7.17,7.36,7.56,7.7,7.85,7.99,..
Malta,Prevalence of current tobacco use (% of adults),34.3,33.72,33.14,32.56,31.98,31.4,30.84,30.28,29.72,29.16,28.6,28.14,27.68,27.22,26.76,26.3,25.7,25.1,24.5,24.5
Mauritania,"Total alcohol consumption per capita (liters of pure alcohol, projected estimates, 15+ years of age)",0.2,0.19,0.17,0.16,0.14,0.13,0.12,0.11,0.1,0.09,0.09,0.08,0.06,0.05,0.04,0.03,0.03,0.04,0.04,..
Mauritania,Prevalence of current tobacco use (% of adults),21.3,20.62,19.94,19.26,18.58,17.9,17.34,16.78,16.22,15.66,15.1,14.6,14.1,13.6,13.1,12.6,12.1,11.6,11.1,11.1
Mauritius,"Total alcohol consumption per capita (liters of pure alcohol, projected estimates, 15+ years of age)",5.49,5.39,5.29,5.2,5.1,5,4.76,4.52,4.29,4.05,3.81,3.84,3.86,3.89,3.91,3.94,4.08,4.21,4.35,..
Mauritius,Prevalence of current tobacco use (% of adults),25.5,25.22,24.94,24.66,24.38,24.1,23.82,23.54,23.26,22.98,22.7,22.44,22.18,21.92,21.66,21.4,21.1,20.8,20.5,20.5
Mexico,"Total alcohol consumption per capita (liters of pure alcohol, projected estimates, 15+ years of age)",6.43,6.44,6.45,6.46,6.47,6.48,6.23,5.97,5.72,5.46,5.21,5.15,5.09,5.04,4.98,4.92,4.95,4.97,5,..
Mexico,Prevalence of current tobacco use (% of adults),24,23.32,22.64,21.96,21.28,20.6,20.02,19.44,18.86,18.28,17.7,17.2,16.7,16.2,15.7,15.2,14.6,14,13.4,13.4
Micronesia,"Total alcohol consumption per capita (liters of pure alcohol, projected estimates, 15+ years of age)",3.86,3.64,3.43,3.21,3,2.78,2.79,2.81,2.82,2.84,2.85,2.77,2.69,2.6,2.52,2.44,2.45,2.47,2.48,..
Micronesia,Prevalence of current tobacco use (% of adults),..,#VALUE!,#VALUE!,#VALUE!,#VALUE!,..,#VALUE!,#VALUE!,#VALUE!,#VALUE!,..,#VALUE!,#VALUE!,#VALUE!,#VALUE!,..,#VALUE!,#VALUE!,..,..
Moldova,"Total alcohol consumption per capita (liters of pure alcohol, projected estimates, 15+ years of age)",13.89,15.1,16.31,17.53,18.74,19.95,19.07,18.19,17.3,16.42,15.54,14.81,14.07,13.34,12.6,11.87,11.72,11.58,11.43,..
Moldova,Prevalence of current tobacco use (% of adults),25.3,25.44,25.58,25.72,25.86,26,26.18,26.36,26.54,26.72,26.9,27.1,27.3,27.5,27.7,27.9,28.17,28.43,28.7,28.7
Morocco,"Total alcohol consumption per capita (liters of pure alcohol, projected estimates, 15+ years of age)",1.01,1,0.99,0.98,0.97,0.96,0.95,0.94,0.92,0.91,0.9,0.86,0.82,0.78,0.74,0.7,0.7,0.69,0.69,..
Morocco,Prevalence of current tobacco use (% of adults),22.5,22.02,21.54,21.06,20.58,20.1,19.7,19.3,18.9,18.5,18.1,17.72,17.34,16.96,16.58,16.2,15.77,15.33,14.9,14.9
Mozambique,"Total alcohol consumption per capita (liters of pure alcohol, projected estimates, 15+ years of age)",2.33,2.12,1.92,1.71,1.51,1.3,1.37,1.43,1.5,1.56,1.63,1.74,1.85,1.97,2.08,2.19,2.23,2.26,2.3,..
Mozambique,Prevalence of current tobacco use (% of adults),29.4,28.42,27.44,26.46,25.48,24.5,23.7,22.9,22.1,21.3,20.5,19.8,19.1,18.4,17.7,17,16.27,15.53,14.8,14.8
Myanmar,"Total alcohol consumption per capita (liters of pure alcohol, projected estimates, 15+ years of age)",0.38,0.63,0.89,1.14,1.4,1.65,1.9,2.15,2.4,2.65,2.9,3.2,3.5,3.81,4.11,4.41,4.65,4.88,5.12,..
Myanmar,Prevalence of current tobacco use (% of adults),66.9,65.64,64.38,63.12,61.86,60.6,59.4,58.2,57,55.8,54.6,53.44,52.28,51.12,49.96,48.8,47.57,46.33,45.1,45.1
Namibia,"Total alcohol consumption per capita (liters of pure alcohol, projected estimates, 15+ years of age)",3.26,3.15,3.04,2.92,2.81,2.7,2.56,2.42,2.27,2.13,1.99,2.64,3.29,3.93,4.58,5.23,5.3,5.36,5.43,..
Namibia,Prevalence of current tobacco use (% of adults),25.6,24.94,24.28,23.62,22.96,22.3,21.74,21.18,20.62,20.06,19.5,19.02,18.54,18.06,17.58,17.1,16.57,16.03,15.5,15.5
Nepal,"Total alcohol consumption per capita (liters of pure alcohol, projected estimates, 15+ years of age)",1.12,1.29,1.45,1.62,1.78,1.95,1.95,1.95,1.94,1.94,1.94,1.96,1.98,2.01,2.03,2.05,2.05,2.05,2.05,..
Nepal,Prevalence of current tobacco use (% of adults),64.5,62.3,60.1,57.9,55.7,53.5,51.52,49.54,47.56,45.58,43.6,42.08,40.56,39.04,37.52,36,34.5,33,31.5,31.5
Netherlands,"Total alcohol consumption per capita (liters of pure alcohol, projected estimates, 15+ years of age)",11.08,11.01,10.93,10.86,10.78,10.71,10.61,10.51,10.41,10.31,10.21,10.08,9.95,9.81,9.68,9.55,9.57,9.59,9.61,..
Netherlands,Prevalence of current tobacco use (% of adults),34.3,33.56,32.82,32.08,31.34,30.6,29.98,29.36,28.74,28.12,27.5,26.92,26.34,25.76,25.18,24.6,23.93,23.27,22.6,22.6
New Zealand,"Total alcohol consumption per capita (liters of pure alcohol, projected estimates, 15+ years of age)",10.42,10.52,10.62,10.72,10.82,10.92,11,11.08,11.16,11.24,11.32,11.14,10.97,10.79,10.62,10.44,10.5,10.57,10.63,..
New Zealand,Prevalence of current tobacco use (% of adults),29.6,28.54,27.48,26.42,25.36,24.3,23.46,22.62,21.78,20.94,20.1,19.38,18.66,17.94,17.22,16.5,15.73,14.97,14.2,14.2
Nicaragua,"Total alcohol consumption per capita (liters of pure alcohol, projected estimates, 15+ years of age)",5.05,5.1,5.15,5.2,5.25,5.3,5.2,5.1,4.99,4.89,4.79,4.84,4.89,4.93,4.98,5.03,5.08,5.13,5.18,..
Nicaragua,Prevalence of current tobacco use (% of adults),..,#VALUE!,#VALUE!,#VALUE!,#VALUE!,..,#VALUE!,#VALUE!,#VALUE!,#VALUE!,..,#VALUE!,#VALUE!,#VALUE!,#VALUE!,..,#VALUE!,#VALUE!,..,..
Niger,"Total alcohol consumption per capita (liters of pure alcohol, projected estimates, 15+ years of age)",0.23,0.23,0.24,0.24,0.25,0.25,0.26,0.27,0.29,0.3,0.31,0.36,0.41,0.45,0.5,0.55,0.59,0.63,0.67,..
Niger,Prevalence of current tobacco use (% of adults),9.7,9.56,9.42,9.28,9.14,9,8.88,8.76,8.64,8.52,8.4,8.3,8.2,8.1,8,7.9,7.8,7.7,7.6,7.6
Nigeria,"Total alcohol consumption per capita (liters of pure alcohol, projected estimates, 15+ years of age)",12.5,12.5,12.5,12.51,12.51,12.51,12.35,12.19,12.04,11.88,11.72,11.54,11.36,11.17,10.99,10.81,10.82,10.83,10.84,..
Nigeria,Prevalence of current tobacco use (% of adults),9.3,8.92,8.54,8.16,7.78,7.4,7.1,6.8,6.5,6.2,5.9,5.66,5.42,5.18,4.94,4.7,4.43,4.17,3.9,3.9
North Macedonia,"Total alcohol consumption per capita (liters of pure alcohol, projected estimates, 15+ years of age)",7.31,7.25,7.2,7.14,7.09,7.03,6.81,6.59,6.37,6.15,5.93,5.93,5.93,5.93,5.93,5.93,6.01,6.08,6.16,..
North Macedonia,Prevalence of current tobacco use (% of adults),..,#VALUE!,#VALUE!,#VALUE!,#VALUE!,..,#VALUE!,#VALUE!,#VALUE!,#VALUE!,..,#VALUE!,#VALUE!,#VALUE!,#VALUE!,..,#VALUE!,#VALUE!,..,..
Norway,"Total alcohol consumption per capita (liters of pure alcohol, projected estimates, 15+ years of age)",7.95,8.13,8.32,8.5,8.69,8.87,8.88,8.9,8.91,8.93,8.94,8.66,8.37,8.09,7.8,7.52,7.48,7.45,7.41,..
Norway,Prevalence of current tobacco use (% of adults),44,42.06,40.12,38.18,36.24,34.3,32.78,31.26,29.74,28.22,26.7,25.5,24.3,23.1,21.9,20.7,19.5,18.3,17.1,17.1
Oman,"Total alcohol consumption per capita (liters of pure alcohol, projected estimates, 15+ years of age)",6.56,5.56,4.56,3.56,2.56,1.56,1.39,1.23,1.06,0.9,0.73,0.74,0.75,0.75,0.76,0.77,0.77,0.78,0.78,..
Oman,Prevalence of current tobacco use (% of adults),7.6,7.62,7.64,7.66,7.68,7.7,7.7,7.7,7.7,7.7,7.7,7.72,7.74,7.76,7.78,7.8,7.83,7.87,7.9,7.9
Pakistan,"Total alcohol consumption per capita (liters of pure alcohol, projected estimates, 15+ years of age)",0.09,0.1,0.12,0.13,0.15,0.16,0.17,0.17,0.18,0.18,0.19,0.21,0.23,0.25,0.27,0.29,0.31,0.32,0.34,..
Pakistan,Prevalence of current tobacco use (% of adults),37.5,36.38,35.26,34.14,33.02,31.9,31,30.1,29.2,28.3,27.4,26.64,25.88,25.12,24.36,23.6,22.67,21.73,20.8,20.8
Panama,"Total alcohol consumption per capita (liters of pure alcohol, projected estimates, 15+ years of age)",5.48,5.48,5.48,5.49,5.49,5.49,5.76,6.03,6.3,6.57,6.84,7.01,7.19,7.36,7.54,7.71,7.8,7.89,7.98,..
Panama,Prevalence of current tobacco use (% of adults),13.4,12.82,12.24,11.66,11.08,10.5,10.04,9.58,9.12,8.66,8.2,7.84,7.48,7.12,6.76,6.4,6.03,5.67,5.3,5.3
Papua New Guinea,"Total alcohol consumption per capita (liters of pure alcohol, projected estimates, 15+ years of age)",1.79,1.75,1.71,1.68,1.64,1.6,1.61,1.63,1.64,1.66,1.67,1.61,1.56,1.5,1.45,1.39,1.39,1.39,1.39,..
Papua New Guinea,Prevalence of current tobacco use (% of adults),54.1,53.22,52.34,51.46,50.58,49.7,48.94,48.18,47.42,46.66,45.9,45.22,44.54,43.86,43.18,42.5,41.63,40.77,39.9,39.9
Paraguay,"Total alcohol consumption per capita (liters of pure alcohol, projected estimates, 15+ years of age)",6.38,6.44,6.49,6.55,6.6,6.66,6.84,7.03,7.21,7.4,7.58,7.52,7.45,7.39,7.32,7.26,7.37,7.47,7.58,..
Paraguay,Prevalence of current tobacco use (% of adults),29.1,27.88,26.66,25.44,24.22,23,22.04,21.08,20.12,19.16,18.2,17.46,16.72,15.98,15.24,14.5,13.7,12.9,12.1,12.1
Peru,"Total alcohol consumption per capita (liters of pure alcohol, projected estimates, 15+ years of age)",6.54,6.63,6.72,6.81,6.9,6.99,7.13,7.27,7.41,7.55,7.69,7.48,7.27,7.05,6.84,6.63,6.55,6.46,6.38,..
Peru,Prevalence of current tobacco use (% of adults),32.9,30.94,28.98,27.02,25.06,23.1,21.74,20.38,19.02,17.66,16.3,15.34,14.38,13.42,12.46,11.5,10.57,9.63,8.7,8.7
Philippines,"Total alcohol consumption per capita (liters of pure alcohol, projected estimates, 15+ years of age)",6.06,5.98,5.9,5.83,5.75,5.67,5.93,6.19,6.46,6.72,6.98,6.92,6.87,6.81,6.76,6.7,6.75,6.81,6.86,..
Philippines,Prevalence of current tobacco use (% of adults),34.9,34.24,33.58,32.92,32.26,31.6,30.94,30.28,29.62,28.96,28.3,27.72,27.14,26.56,25.98,25.4,24.73,24.07,23.4,23.4
Poland,"Total alcohol consumption per capita (liters of pure alcohol, projected estimates, 15+ years of age)",9.17,9.46,9.74,10.03,10.31,10.6,10.72,10.84,10.97,11.09,11.21,11.29,11.38,11.46,11.55,11.63,11.66,11.68,11.71,..
Poland,Prevalence of current tobacco use (% of adults),39.6,38.68,37.76,36.84,35.92,35,34.16,33.32,32.48,31.64,30.8,30.08,29.36,28.64,27.92,27.2,26.37,25.53,24.7,24.7
Portugal,"Total alcohol consumption per capita (liters of pure alcohol, projected estimates, 15+ years of age)",14.08,13.94,13.8,13.65,13.51,13.37,13.2,13.03,12.85,12.68,12.51,12.38,12.26,12.13,12.01,11.88,11.93,11.98,12.03,..
Portugal,Prevalence of current tobacco use (% of adults),25.7,25.62,25.54,25.46,25.38,25.3,25.3,25.3,25.3,25.3,25.3,25.28,25.26,25.24,25.22,25.2,25.23,25.27,25.3,25.3
Qatar,"Total alcohol consumption per capita (liters of pure alcohol, projected estimates, 15+ years of age)",1.15,1.25,1.36,1.46,1.57,1.67,1.67,1.68,1.68,1.69,1.69,1.68,1.66,1.65,1.63,1.62,1.61,1.6,1.59,..
Qatar,Prevalence of current tobacco use (% of adults),13.5,13.4,13.3,13.2,13.1,13,12.92,12.84,12.76,12.68,12.6,12.52,12.44,12.36,12.28,12.2,12.13,12.07,12,12
Romania,"Total alcohol consumption per capita (liters of pure alcohol, projected estimates, 15+ years of age)",17.45,17.13,16.81,16.48,16.16,15.84,15.47,15.09,14.72,14.34,13.97,13.5,13.04,12.57,12.11,11.64,11.67,11.71,11.74,..
Romania,Prevalence of current tobacco use (% of adults),35,34.64,34.28,33.92,33.56,33.2,32.84,32.48,32.12,31.76,31.4,31.06,30.72,30.38,30.04,29.7,29.27,28.83,28.4,28.4
Russian Federation,"Total alcohol consumption per capita (liters of pure alcohol, projected estimates, 15+ years of age)",15.73,16.06,16.38,16.71,17.03,17.36,17.06,16.76,16.47,16.17,15.87,15.19,14.51,13.83,13.15,12.47,12.04,11.62,11.19,..
Russian Federation,Prevalence of current tobacco use (% of adults),33.3,32.9,32.5,32.1,31.7,31.3,31,30.7,30.4,30.1,29.8,29.5,29.2,28.9,28.6,28.3,27.9,27.5,27.1,27.1
Rwanda,"Total alcohol consumption per capita (liters of pure alcohol, projected estimates, 15+ years of age)",13.73,13.58,13.44,13.29,13.15,13,12.45,11.91,11.36,10.82,10.27,10.07,9.87,9.66,9.46,9.26,9.16,9.05,8.95,..
Rwanda,Prevalence of current tobacco use (% of adults),24.8,24.1,23.4,22.7,22,21.3,20.74,20.18,19.62,19.06,18.5,17.98,17.46,16.94,16.42,15.9,15.3,14.7,14.1,14.1
Saint Lucia,"Total alcohol consumption per capita (liters of pure alcohol, projected estimates, 15+ years of age)",11.8,11.76,11.73,11.69,11.66,11.62,11.23,10.85,10.46,10.08,9.69,9.74,9.8,9.85,9.91,9.96,10.17,10.39,10.6,..
Saint Lucia,Prevalence of current tobacco use (% of adults),..,#VALUE!,#VALUE!,#VALUE!,#VALUE!,..,#VALUE!,#VALUE!,#VALUE!,#VALUE!,..,#VALUE!,#VALUE!,#VALUE!,#VALUE!,..,#VALUE!,#VALUE!,..,..
Saint Vincent and the Grenadines,"Total alcohol consumption per capita (liters of pure alcohol, projected estimates, 15+ years of age)",5.01,5.21,5.4,5.6,5.79,5.99,6.2,6.41,6.61,6.82,7.03,7.32,7.6,7.89,8.17,8.46,8.66,8.86,9.06,..
Saint Vincent and the Grenadines,Prevalence of current tobacco use (% of adults),..,#VALUE!,#VALUE!,#VALUE!,#VALUE!,..,#VALUE!,#VALUE!,#VALUE!,#VALUE!,..,#VALUE!,#VALUE!,#VALUE!,#VALUE!,..,#VALUE!,#VALUE!,..,..
Samoa,"Total alcohol consumption per capita (liters of pure alcohol, projected estimates, 15+ years of age)",3.79,3.87,3.95,4.04,4.12,4.2,3.95,3.71,3.46,3.22,2.97,2.89,2.82,2.74,2.67,2.59,2.61,2.64,2.66,..
Samoa,Prevalence of current tobacco use (% of adults),39,38.2,37.4,36.6,35.8,35,34.28,33.56,32.84,32.12,31.4,30.74,30.08,29.42,28.76,28.1,27.37,26.63,25.9,25.9
Sao Tome and Principe,"Total alcohol consumption per capita (liters of pure alcohol, projected estimates, 15+ years of age)",8.2,8.3,8.41,8.51,8.62,8.72,8.64,8.57,8.49,8.42,8.34,8.11,7.88,7.65,7.42,7.19,6.75,6.32,5.88,..
Sao Tome and Principe,Prevalence of current tobacco use (% of adults),7.8,7.68,7.56,7.44,7.32,7.2,7.08,6.96,6.84,6.72,6.6,6.52,6.44,6.36,6.28,6.2,6.07,5.93,5.8,5.8
Saudi Arabia,"Total alcohol consumption per capita (liters of pure alcohol, projected estimates, 15+ years of age)",0.18,0.18,0.18,0.17,0.17,0.17,0.17,0.17,0.17,0.17,0.17,0.18,0.18,0.19,0.19,0.2,0.2,0.19,0.19,..
Saudi Arabia,Prevalence of current tobacco use (% of adults),14.2,14.2,14.2,14.2,14.2,14.2,14.2,14.2,14.2,14.2,14.2,14.2,14.2,14.2,14.2,14.2,14.2,14.2,14.2,14.2
Senegal,"Total alcohol consumption per capita (liters of pure alcohol, projected estimates, 15+ years of age)",0.96,0.94,0.92,0.89,0.87,0.85,0.8,0.75,0.7,0.65,0.6,0.63,0.65,0.68,0.7,0.73,0.74,0.75,0.76,..
Senegal,Prevalence of current tobacco use (% of adults),14.3,13.82,13.34,12.86,12.38,11.9,11.5,11.1,10.7,10.3,9.9,9.58,9.26,8.94,8.62,8.3,7.9,7.5,7.1,7.1
Serbia,"Total alcohol consumption per capita (liters of pure alcohol, projected estimates, 15+ years of age)",..,#VALUE!,#VALUE!,#VALUE!,#VALUE!,..,#VALUE!,#VALUE!,#VALUE!,#VALUE!,11.69,11.09,10.49,9.9,9.3,8.7,8.72,8.73,8.75,..
Serbia,Prevalence of current tobacco use (% of adults),45.1,44.82,44.54,44.26,43.98,43.7,43.42,43.14,42.86,42.58,42.3,42.02,41.74,41.46,41.18,40.9,40.63,40.37,40.1,40.1
Sierra Leone,"Total alcohol consumption per capita (liters of pure alcohol, projected estimates, 15+ years of age)",5.8,5.75,5.71,5.66,5.62,5.57,5.62,5.67,5.73,5.78,5.83,5.79,5.75,5.71,5.67,5.63,5.65,5.68,5.7,..
Sierra Leone,Prevalence of current tobacco use (% of adults),43.7,41.48,39.26,37.04,34.82,32.6,30.94,29.28,27.62,25.96,24.3,23.06,21.82,20.58,19.34,18.1,16.83,15.57,14.3,14.3
Singapore,"Total alcohol consumption per capita (liters of pure alcohol, projected estimates, 15+ years of age)",2.49,2.35,2.21,2.06,1.92,1.78,1.86,1.94,2.03,2.11,2.19,2.17,2.14,2.12,2.09,2.07,2.06,2.04,2.03,..
Singapore,Prevalence of current tobacco use (% of adults),16.4,16.42,16.44,16.46,16.48,16.5,16.5,16.5,16.5,16.5,16.5,16.5,16.5,16.5,16.5,16.5,16.53,16.57,16.6,16.6
Slovakia,"Total alcohol consumption per capita (liters of pure alcohol, projected estimates, 15+ years of age)",12.47,12.39,12.31,12.22,12.14,12.06,12.05,12.04,12.02,12.01,12,11.91,11.81,11.72,11.62,11.53,11.4,11.27,11.14,..
Slovakia,Prevalence of current tobacco use (% of adults),32,31.94,31.88,31.82,31.76,31.7,31.68,31.66,31.64,31.62,31.6,31.58,31.56,31.54,31.52,31.5,31.5,31.5,31.5,31.5
Slovenia,"Total alcohol consumption per capita (liters of pure alcohol, projected estimates, 15+ years of age)",12.6,12.54,12.48,12.42,12.36,12.3,12.15,12,11.84,11.69,11.54,11.78,12.02,12.26,12.5,12.74,12.46,12.18,11.9,..
Slovenia,Prevalence of current tobacco use (% of adults),25.1,24.92,24.74,24.56,24.38,24.2,24.06,23.92,23.78,23.64,23.5,23.34,23.18,23.02,22.86,22.7,22.57,22.43,22.3,22.3
Solomon Islands,"Total alcohol consumption per capita (liters of pure alcohol, projected estimates, 15+ years of age)",1.2,1.28,1.36,1.44,1.52,1.6,1.6,1.6,1.6,1.6,1.6,1.59,1.58,1.57,1.56,1.55,1.64,1.74,1.83,..
Solomon Islands,Prevalence of current tobacco use (% of adults),43.5,43.06,42.62,42.18,41.74,41.3,40.96,40.62,40.28,39.94,39.6,39.26,38.92,38.58,38.24,37.9,37.53,37.17,36.8,36.8
South Africa,"Total alcohol consumption per capita (liters of pure alcohol, projected estimates, 15+ years of age)",10.02,9.93,9.84,9.76,9.67,9.58,9.67,9.76,9.86,9.95,10.04,9.95,9.87,9.78,9.7,9.61,9.58,9.55,9.52,..
South Africa,Prevalence of current tobacco use (% of adults),23.5,23.3,23.1,22.9,22.7,22.5,22.32,22.14,21.96,21.78,21.6,21.48,21.36,21.24,21.12,21,20.8,20.6,20.4,20.4
South Korea,"Total alcohol consumption per capita (liters of pure alcohol, projected estimates, 15+ years of age)",12.31,11.96,11.62,11.27,10.93,10.58,10.46,10.34,10.21,10.09,9.97,9.98,10,10.01,10.03,10.04,9.93,9.81,9.7,..
South Korea,Prevalence of current tobacco use (% of adults),35,34.14,33.28,32.42,31.56,30.7,29.96,29.22,28.48,27.74,27,26.36,25.72,25.08,24.44,23.8,23,22.2,21.4,21.4
Spain,"Total alcohol consumption per capita (liters of pure alcohol, projected estimates, 15+ years of age)",12.43,12.51,12.59,12.67,12.75,12.83,12.27,11.71,11.15,10.59,10.03,10.29,10.55,10.8,11.06,11.32,11.79,12.25,12.72,..
Spain,Prevalence of current tobacco use (% of adults),36.8,36.3,35.8,35.3,34.8,34.3,33.82,33.34,32.86,32.38,31.9,31.46,31.02,30.58,30.14,29.7,29.17,28.63,28.1,28.1
Sri Lanka,"Total alcohol consumption per capita (liters of pure alcohol, projected estimates, 15+ years of age)",2.22,2.29,2.37,2.44,2.52,2.59,2.86,3.12,3.39,3.65,3.92,3.96,3.99,4.03,4.06,4.1,4.1,4.1,4.1,..
Sri Lanka,Prevalence of current tobacco use (% of adults),28.5,28.1,27.7,27.3,26.9,26.5,26.16,25.82,25.48,25.14,24.8,24.5,24.2,23.9,23.6,23.3,22.97,22.63,22.3,22.3
Sudan,"Total alcohol consumption per capita (liters of pure alcohol, projected estimates, 15+ years of age)",..,#VALUE!,#VALUE!,#VALUE!,#VALUE!,..,#VALUE!,#VALUE!,#VALUE!,#VALUE!,..,#VALUE!,#VALUE!,#VALUE!,#VALUE!,0.52,0.52,0.51,0.51,..
Sudan,Prevalence of current tobacco use (% of adults),..,#VALUE!,#VALUE!,#VALUE!,#VALUE!,..,#VALUE!,#VALUE!,#VALUE!,#VALUE!,..,#VALUE!,#VALUE!,#VALUE!,#VALUE!,..,#VALUE!,#VALUE!,..,..
Suriname,"Total alcohol consumption per capita (liters of pure alcohol, projected estimates, 15+ years of age)",5.29,5.31,5.34,5.36,5.39,5.41,5.57,5.73,5.9,6.06,6.22,6.14,6.06,5.97,5.89,5.81,5.65,5.49,5.33,..
Suriname,Prevalence of current tobacco use (% of adults),..,#VALUE!,#VALUE!,#VALUE!,#VALUE!,..,#VALUE!,#VALUE!,#VALUE!,#VALUE!,..,#VALUE!,#VALUE!,#VALUE!,#VALUE!,..,#VALUE!,#VALUE!,..,..
Sweden,"Total alcohol consumption per capita (liters of pure alcohol, projected estimates, 15+ years of age)",8.53,8.55,8.57,8.6,8.62,8.64,8.81,8.98,9.15,9.32,9.49,9.42,9.35,9.27,9.2,9.13,9.06,9,8.93,..
Sweden,Prevalence of current tobacco use (% of adults),43.8,42.56,41.32,40.08,38.84,37.6,36.54,35.48,34.42,33.36,32.3,31.42,30.54,29.66,28.78,27.9,26.87,25.83,24.8,24.8
Switzerland,"Total alcohol consumption per capita (liters of pure alcohol, projected estimates, 15+ years of age)",12.49,12.32,12.15,11.98,11.81,11.64,11.59,11.55,11.5,11.46,11.41,11.44,11.48,11.51,11.55,11.58,11.56,11.55,11.53,..
Switzerland,Prevalence of current tobacco use (% of adults),28.3,28.18,28.06,27.94,27.82,27.7,27.54,27.38,27.22,27.06,26.9,26.76,26.62,26.48,26.34,26.2,26.03,25.87,25.7,25.7
Syrian Arab Republic,"Total alcohol consumption per capita (liters of pure alcohol, projected estimates, 15+ years of age)",1.15,1.1,1.06,1.01,0.97,0.92,0.91,0.9,0.9,0.89,0.88,0.76,0.64,0.52,0.4,0.28,0.27,0.25,0.24,..
Syrian Arab Republic,Prevalence of current tobacco use (% of adults),..,#VALUE!,#VALUE!,#VALUE!,#VALUE!,..,#VALUE!,#VALUE!,#VALUE!,#VALUE!,..,#VALUE!,#VALUE!,#VALUE!,#VALUE!,..,#VALUE!,#VALUE!,..,..
Tajikistan,"Total alcohol consumption per capita (liters of pure alcohol, projected estimates, 15+ years of age)",2.97,2.88,2.79,2.69,2.6,2.51,2.49,2.47,2.44,2.42,2.4,2.54,2.68,2.83,2.97,3.11,3.17,3.22,3.28,..
Tajikistan,Prevalence of current tobacco use (% of adults),..,#VALUE!,#VALUE!,#VALUE!,#VALUE!,..,#VALUE!,#VALUE!,#VALUE!,#VALUE!,..,#VALUE!,#VALUE!,#VALUE!,#VALUE!,..,#VALUE!,#VALUE!,..,..
Tanzania,"Total alcohol consumption per capita (liters of pure alcohol, projected estimates, 15+ years of age)",8.63,8.65,8.66,8.68,8.69,8.71,8.92,9.12,9.33,9.53,9.74,10,10.26,10.53,10.79,11.05,11.12,11.2,11.27,..
Tanzania,Prevalence of current tobacco use (% of adults),27.8,26.38,24.96,23.54,22.12,20.7,19.66,18.62,17.58,16.54,15.5,14.72,13.94,13.16,12.38,11.6,10.8,10,9.2,9.2
Thailand,"Total alcohol consumption per capita (liters of pure alcohol, projected estimates, 15+ years of age)",6.49,6.55,6.62,6.68,6.75,6.81,6.99,7.17,7.35,7.53,7.71,7.84,7.97,8.1,8.23,8.36,8.34,8.32,8.3,..
Thailand,Prevalence of current tobacco use (% of adults),31.7,31.12,30.54,29.96,29.38,28.8,28.3,27.8,27.3,26.8,26.3,25.86,25.42,24.98,24.54,24.1,23.57,23.03,22.5,22.5
Togo,"Total alcohol consumption per capita (liters of pure alcohol, projected estimates, 15+ years of age)",1.79,2.08,2.38,2.67,2.97,3.26,3.03,2.8,2.57,2.34,2.11,2.16,2.21,2.27,2.32,2.37,2.4,2.43,2.46,..
Togo,Prevalence of current tobacco use (% of adults),14.4,13.9,13.4,12.9,12.4,11.9,11.48,11.06,10.64,10.22,9.8,9.48,9.16,8.84,8.52,8.2,7.83,7.47,7.1,7.1
Trinidad and Tobago,"Total alcohol consumption per capita (liters of pure alcohol, projected estimates, 15+ years of age)",5.27,5.45,5.63,5.81,5.99,6.17,6.18,6.19,6.19,6.2,6.21,6.34,6.48,6.61,6.75,6.88,6.83,6.77,6.72,..
Trinidad and Tobago,Prevalence of current tobacco use (% of adults),..,#VALUE!,#VALUE!,#VALUE!,#VALUE!,..,#VALUE!,#VALUE!,#VALUE!,#VALUE!,..,#VALUE!,#VALUE!,#VALUE!,#VALUE!,..,#VALUE!,#VALUE!,..,..
Tunisia,"Total alcohol consumption per capita (liters of pure alcohol, projected estimates, 15+ years of age)",1.36,1.38,1.4,1.42,1.44,1.46,1.45,1.44,1.42,1.41,1.4,1.52,1.64,1.75,1.87,1.99,2.03,2.08,2.12,..
Tunisia,Prevalence of current tobacco use (% of adults),34.3,33.76,33.22,32.68,32.14,31.6,31.08,30.56,30.04,29.52,29,28.52,28.04,27.56,27.08,26.6,26.07,25.53,25,25
Turkmenistan,"Total alcohol consumption per capita (liters of pure alcohol, projected estimates, 15+ years of age)",4.82,4.83,4.84,4.86,4.87,4.88,4.87,4.86,4.84,4.83,4.82,4.92,5.01,5.11,5.2,5.3,5.18,5.05,4.93,..
Turkmenistan,Prevalence of current tobacco use (% of adults),12,11.58,11.16,10.74,10.32,9.9,9.56,9.22,8.88,8.54,8.2,7.9,7.6,7.3,7,6.7,6.4,6.1,5.8,5.8
Uganda,"Total alcohol consumption per capita (liters of pure alcohol, projected estimates, 15+ years of age)",13.61,13.47,13.33,13.2,13.06,12.92,13.04,13.15,13.27,13.38,13.5,13.83,14.16,14.48,14.81,15.14,15.12,15.11,15.09,..
Uganda,Prevalence of current tobacco use (% of adults),24.7,23.52,22.34,21.16,19.98,18.8,17.9,17,16.1,15.2,14.3,13.62,12.94,12.26,11.58,10.9,10.23,9.57,8.9,8.9
Ukraine,"Total alcohol consumption per capita (liters of pure alcohol, projected estimates, 15+ years of age)",12.46,12.37,12.28,12.19,12.1,12.01,12.32,12.63,12.95,13.26,13.57,12.89,12.21,11.52,10.84,10.16,9.55,8.93,8.32,..
Ukraine,Prevalence of current tobacco use (% of adults),37.7,37.02,36.34,35.66,34.98,34.3,33.66,33.02,32.38,31.74,31.1,30.56,30.02,29.48,28.94,28.4,27.67,26.93,26.2,26.2
United Kingdom,"Total alcohol consumption per capita (liters of pure alcohol, projected estimates, 15+ years of age)",13.73,13.76,13.79,13.83,13.86,13.89,13.52,13.16,12.79,12.43,12.06,11.89,11.72,11.55,11.38,11.21,11.29,11.37,11.45,..
United Kingdom,Prevalence of current tobacco use (% of adults),37.9,36.34,34.78,33.22,31.66,30.1,28.9,27.7,26.5,25.3,24.1,23.14,22.18,21.22,20.26,19.3,18.23,17.17,16.1,16.1
United States of America,"Total alcohol consumption per capita (liters of pure alcohol, projected estimates, 15+ years of age)",9.19,9.25,9.31,9.37,9.43,9.49,9.46,9.44,9.41,9.39,9.36,9.45,9.54,9.64,9.73,9.82,9.84,9.85,9.87,..
United States of America,Prevalence of current tobacco use (% of adults),33.8,33.16,32.52,31.88,31.24,30.6,30.08,29.56,29.04,28.52,28,27.46,26.92,26.38,25.84,25.3,24.67,24.03,23.4,23.4
Uruguay,"Total alcohol consumption per capita (liters of pure alcohol, projected estimates, 15+ years of age)",8.09,7.96,7.84,7.71,7.59,7.46,7.39,7.32,7.24,7.17,7.1,7.08,7.06,7.03,7.01,6.99,6.97,6.94,6.92,..
Uruguay,Prevalence of current tobacco use (% of adults),35.3,34.48,33.66,32.84,32.02,31.2,30.46,29.72,28.98,28.24,27.5,26.86,26.22,25.58,24.94,24.3,23.53,22.77,22,22
Uzbekistan,"Total alcohol consumption per capita (liters of pure alcohol, projected estimates, 15+ years of age)",5.68,5.37,5.07,4.76,4.46,4.15,3.92,3.69,3.47,3.24,3.01,2.93,2.84,2.76,2.67,2.59,2.59,2.59,2.59,..
Uzbekistan,Prevalence of current tobacco use (% of adults),24.9,24.46,24.02,23.58,23.14,22.7,22.34,21.98,21.62,21.26,20.9,20.54,20.18,19.82,19.46,19.1,18.67,18.23,17.8,17.8
Vanuatu,"Total alcohol consumption per capita (liters of pure alcohol, projected estimates, 15+ years of age)",1.17,1.18,1.18,1.19,1.19,1.2,1.3,1.4,1.5,1.6,1.7,1.79,1.88,1.96,2.05,2.14,2.18,2.21,2.25,..
Vanuatu,Prevalence of current tobacco use (% of adults),25.6,25.14,24.68,24.22,23.76,23.3,22.9,22.5,22.1,21.7,21.3,20.92,20.54,20.16,19.78,19.4,19,18.6,18.2,18.2
Venezuela,"Total alcohol consumption per capita (liters of pure alcohol, projected estimates, 15+ years of age)",9.15,9.2,9.26,9.31,9.37,9.42,9.27,9.12,8.97,8.82,8.67,8.3,7.93,7.56,7.19,6.82,5.93,5.03,4.14,..
Venezuela,Prevalence of current tobacco use (% of adults),..,#VALUE!,#VALUE!,#VALUE!,#VALUE!,..,#VALUE!,#VALUE!,#VALUE!,#VALUE!,..,#VALUE!,#VALUE!,#VALUE!,#VALUE!,..,#VALUE!,#VALUE!,..,..
Vietnam,"Total alcohol consumption per capita (liters of pure alcohol, projected estimates, 15+ years of age)",2.21,2.29,2.38,2.46,2.55,2.63,3.08,3.54,3.99,4.45,4.9,5.49,6.08,6.68,7.27,7.86,8.13,8.39,8.66,..
Vietnam,Prevalence of current tobacco use (% of adults),29.8,29.5,29.2,28.9,28.6,28.3,28.04,27.78,27.52,27.26,27,26.8,26.6,26.4,26.2,26,25.67,25.33,25,25
Yemen,"Total alcohol consumption per capita (liters of pure alcohol, projected estimates, 15+ years of age)",0.79,0.7,0.61,0.52,0.43,0.34,0.31,0.28,0.24,0.21,0.18,0.16,0.13,0.11,0.08,0.06,0.05,0.05,0.05,..
Yemen,Prevalence of current tobacco use (% of adults),27.3,26.9,26.5,26.1,25.7,25.3,24.92,24.54,24.16,23.78,23.4,23.08,22.76,22.44,22.12,21.8,21.37,20.93,20.5,20.5
Zambia,"Total alcohol consumption per capita (liters of pure alcohol, projected estimates, 15+ years of age)",4.05,4.02,3.99,3.96,3.93,3.9,4.21,4.51,4.82,5.12,5.43,5.72,6.01,6.31,6.6,6.89,6.77,6.66,6.54,..
Zambia,Prevalence of current tobacco use (% of adults),19.9,19.54,19.18,18.82,18.46,18.1,17.82,17.54,17.26,16.98,16.7,16.46,16.22,15.98,15.74,15.5,15.2,14.9,14.6,14.6
Zimbabwe,"Total alcohol consumption per capita (liters of pure alcohol, projected estimates, 15+ years of age)",2.46,2.52,2.58,2.65,2.71,2.77,3,3.23,3.47,3.7,3.93,4.13,4.33,4.52,4.72,4.92,4.84,4.75,4.67,..
Zimbabwe,Prevalence of current tobacco use (% of adults),21,20.42,19.84,19.26,18.68,18.1,17.6,17.1,16.6,16.1,15.6,15.2,14.8,14.4,14,13.6,13.1,12.6,12.1,12.1
